INFO:     Loading development config
[2026-08-29 11:26:33] INFO:     ✅ Server started successfully with libephemeris (no pyswisseph required). - Module: app.main
[2026-08-29 11:26:33] INFO:     📌 All routes are active. - Module: app.main
[2026-08-29 11:26:33] DEBUG:    Using proactor: IocpProactor - Module: asyncio
[2026-08-29 11:26:33] INFO:     Started server process [432] - Module: uvicorn.error
[2026-08-29 11:26:33] INFO:     Waiting for application startup. - Module: uvicorn.error
[2026-08-29 11:26:33] INFO:     Application startup complete. - Module: uvicorn.error
[2026-08-29 11:26:33] INFO:     Uvicorn running on http://127.0.0.1:8003 (Press CTRL+C to quit) - Module: uvicorn.error
[2026-08-29 11:28:53] INFO:     POST /api/v5/chart-data/birth-chart | IP: 127.0.0.1 | Origin: http://127.0.0.1:8003 | Natal chart data request - Module: app.routers.data
[2026-08-29 11:28:53] DEBUG:    Request body: {"active_points":null,"active_aspects":null,"distribution_method":"weighted","custom_distribution_weights":null,"subject":{"year":1379,"month":1,"day":1,"hour":12,"minute":0,"second":0,"longitude":51.389,"latitude":35.6892,"altitude":null,"city":"Unknown","nation":"null","timezone":"Asia/Tehran","is_dst":null,"geonames_username":null,"name":"کاربر","zodiac_type":"Tropical","sidereal_mode":null,"perspective_type":"Apparent Geocentric","houses_system_identifier":"P","custom_ayanamsa_t0":null,"custom_ayanamsa_ayan_t0":null}} - Module: app.routers.data
[2026-08-29 11:28:54] WARNING:  Could not compute Sun altitude for sect classification: calc_ut: Cannot calculate Sun (ID 0) for JD 2224729.856944 (1379-01-01): date is outside ephemeris range.
  Supported range: JD 2287184.5 to 2688976.5 (1549-12-31 to 2650-01-25)
  Ephemeris file: de440.bsp. Defaulting to diurnal (day chart). - Module: root
[2026-08-29 11:28:54] ERROR:    Error calculating Sun: calc_ut: Cannot calculate Sun (ID 0) for JD 2224729.856944 (1379-01-01): date is outside ephemeris range.
  Supported range: JD 2287184.5 to 2688976.5 (1549-12-31 to 2650-01-25)
  Ephemeris file: de440.bsp - Module: root
[2026-08-29 11:28:54] ERROR:    Error calculating Moon: calc_ut: Cannot calculate Moon (ID 1) for JD 2224729.856944 (1379-01-01): date is outside ephemeris range.
  Supported range: JD 2287184.5 to 2688976.5 (1549-12-31 to 2650-01-25)
  Ephemeris file: de440.bsp - Module: root
[2026-08-29 11:28:54] ERROR:    Error calculating Mercury: calc_ut: Cannot calculate Mercury (ID 2) for JD 2224729.856944 (1379-01-01): date is outside ephemeris range.
  Supported range: JD 2287184.5 to 2688976.5 (1549-12-31 to 2650-01-25)
  Ephemeris file: de440.bsp - Module: root
[2026-08-29 11:28:54] ERROR:    Error calculating Venus: calc_ut: Cannot calculate Venus (ID 3) for JD 2224729.856944 (1379-01-01): date is outside ephemeris range.
  Supported range: JD 2287184.5 to 2688976.5 (1549-12-31 to 2650-01-25)
  Ephemeris file: de440.bsp - Module: root
[2026-08-29 11:28:54] ERROR:    Error calculating Mars: calc_ut: Cannot calculate Mars (ID 4) for JD 2224729.856944 (1379-01-01): date is outside ephemeris range.
  Supported range: JD 2287184.5 to 2688976.5 (1549-12-31 to 2650-01-25)
  Ephemeris file: de440.bsp - Module: root
[2026-08-29 11:28:54] ERROR:    Error calculating Jupiter: calc_ut: Cannot calculate Jupiter (ID 5) for JD 2224729.856944 (1379-01-01): date is outside ephemeris range.
  Supported range: JD 2287184.5 to 2688976.5 (1549-12-31 to 2650-01-25)
  Ephemeris file: de440.bsp - Module: root
[2026-08-29 11:28:54] ERROR:    Error calculating Saturn: calc_ut: Cannot calculate Saturn (ID 6) for JD 2224729.856944 (1379-01-01): date is outside ephemeris range.
  Supported range: JD 2287184.5 to 2688976.5 (1549-12-31 to 2650-01-25)
  Ephemeris file: de440.bsp - Module: root
[2026-08-29 11:28:54] ERROR:    Error calculating Uranus: calc_ut: Cannot calculate Uranus (ID 7) for JD 2224729.856944 (1379-01-01): date is outside ephemeris range.
  Supported range: JD 2287184.5 to 2688976.5 (1549-12-31 to 2650-01-25)
  Ephemeris file: de440.bsp - Module: root
[2026-08-29 11:28:54] ERROR:    Error calculating Neptune: calc_ut: Cannot calculate Neptune (ID 8) for JD 2224729.856944 (1379-01-01): date is outside ephemeris range.
  Supported range: JD 2287184.5 to 2688976.5 (1549-12-31 to 2650-01-25)
  Ephemeris file: de440.bsp - Module: root
[2026-08-29 11:28:54] ERROR:    Error calculating Pluto: calc_ut: Cannot calculate Pluto (ID 9) for JD 2224729.856944 (1379-01-01): date is outside ephemeris range.
  Supported range: JD 2287184.5 to 2688976.5 (1549-12-31 to 2650-01-25)
  Ephemeris file: de440.bsp - Module: root
[2026-08-29 11:28:54] ERROR:    Error calculating True_North_Lunar_Node: Cannot calculate true Node (ID 11) for JD 2224729.856944 (1379-01-01): date is outside ephemeris range.
  Supported range: JD 2287184.5 to 2688976.5 (1549-12-31 to 2650-01-25)
  Ephemeris file: de440.bsp - Module: root
[2026-08-29 11:28:54] ERROR:    Error calculating Mean_Lilith: Julian day 2224729.862992409 is outside the active ephemeris range 2287184.5 to 2688976.5 - Module: root
[libephemeris] WARNING: Auto SPK coverage miss for body 15: JD 2224729.9 outside SPK coverage [2396713.5, 2506376.5] for body 15
[2026-08-29 11:28:54] ERROR:    Error calculating Chiron: Cannot calculate Chiron (ID 15) for JD 2224729.856944 (1379-01-01): date is outside ephemeris range.
  Supported range: JD 2287184.5 to 2688976.5 (1549-12-31 to 2650-01-25)
  Ephemeris file: de440.bsp - Module: root
[2026-08-29 11:28:54] DEBUG:    Calculating relevant aspects by filtering orbs... - Module: root
[2026-08-29 11:28:54] INFO:     POST /api/v5/context/birth-chart | IP: 127.0.0.1 | Origin: http://127.0.0.1:8003 | درخواست context چارت تولد - Module: app.routers.context
[2026-08-29 11:28:54] DEBUG:    Request body: {"active_points":null,"active_aspects":null,"distribution_method":"weighted","custom_distribution_weights":null,"subject":{"year":1379,"month":1,"day":1,"hour":12,"minute":0,"second":0,"longitude":51.389,"latitude":35.6892,"altitude":null,"city":"Unknown","nation":"null","timezone":"Asia/Tehran","is_dst":null,"geonames_username":null,"name":"کاربر","zodiac_type":"Tropical","sidereal_mode":null,"perspective_type":"Apparent Geocentric","houses_system_identifier":"P","custom_ayanamsa_t0":null,"custom_ayanamsa_ayan_t0":null}} - Module: app.routers.context
[2026-08-29 11:28:54] WARNING:  Could not compute Sun altitude for sect classification: calc_ut: Cannot calculate Sun (ID 0) for JD 2224729.856944 (1379-01-01): date is outside ephemeris range.
  Supported range: JD 2287184.5 to 2688976.5 (1549-12-31 to 2650-01-25)
  Ephemeris file: de440.bsp. Defaulting to diurnal (day chart). - Module: root
[2026-08-29 11:28:54] ERROR:    Error calculating Sun: calc_ut: Cannot calculate Sun (ID 0) for JD 2224729.856944 (1379-01-01): date is outside ephemeris range.
  Supported range: JD 2287184.5 to 2688976.5 (1549-12-31 to 2650-01-25)
  Ephemeris file: de440.bsp - Module: root
[2026-08-29 11:28:54] ERROR:    Error calculating Moon: calc_ut: Cannot calculate Moon (ID 1) for JD 2224729.856944 (1379-01-01): date is outside ephemeris range.
  Supported range: JD 2287184.5 to 2688976.5 (1549-12-31 to 2650-01-25)
  Ephemeris file: de440.bsp - Module: root
[2026-08-29 11:28:54] ERROR:    Error calculating Mercury: calc_ut: Cannot calculate Mercury (ID 2) for JD 2224729.856944 (1379-01-01): date is outside ephemeris range.
  Supported range: JD 2287184.5 to 2688976.5 (1549-12-31 to 2650-01-25)
  Ephemeris file: de440.bsp - Module: root
[2026-08-29 11:28:54] ERROR:    Error calculating Venus: calc_ut: Cannot calculate Venus (ID 3) for JD 2224729.856944 (1379-01-01): date is outside ephemeris range.
  Supported range: JD 2287184.5 to 2688976.5 (1549-12-31 to 2650-01-25)
  Ephemeris file: de440.bsp - Module: root
[2026-08-29 11:28:54] ERROR:    Error calculating Mars: calc_ut: Cannot calculate Mars (ID 4) for JD 2224729.856944 (1379-01-01): date is outside ephemeris range.
  Supported range: JD 2287184.5 to 2688976.5 (1549-12-31 to 2650-01-25)
  Ephemeris file: de440.bsp - Module: root
[2026-08-29 11:28:54] ERROR:    Error calculating Jupiter: calc_ut: Cannot calculate Jupiter (ID 5) for JD 2224729.856944 (1379-01-01): date is outside ephemeris range.
  Supported range: JD 2287184.5 to 2688976.5 (1549-12-31 to 2650-01-25)
  Ephemeris file: de440.bsp - Module: root
[2026-08-29 11:28:54] ERROR:    Error calculating Saturn: calc_ut: Cannot calculate Saturn (ID 6) for JD 2224729.856944 (1379-01-01): date is outside ephemeris range.
  Supported range: JD 2287184.5 to 2688976.5 (1549-12-31 to 2650-01-25)
  Ephemeris file: de440.bsp - Module: root
[2026-08-29 11:28:54] ERROR:    Error calculating Uranus: calc_ut: Cannot calculate Uranus (ID 7) for JD 2224729.856944 (1379-01-01): date is outside ephemeris range.
  Supported range: JD 2287184.5 to 2688976.5 (1549-12-31 to 2650-01-25)
  Ephemeris file: de440.bsp - Module: root
[2026-08-29 11:28:54] ERROR:    Error calculating Neptune: calc_ut: Cannot calculate Neptune (ID 8) for JD 2224729.856944 (1379-01-01): date is outside ephemeris range.
  Supported range: JD 2287184.5 to 2688976.5 (1549-12-31 to 2650-01-25)
  Ephemeris file: de440.bsp - Module: root
[2026-08-29 11:28:54] ERROR:    Error calculating Pluto: calc_ut: Cannot calculate Pluto (ID 9) for JD 2224729.856944 (1379-01-01): date is outside ephemeris range.
  Supported range: JD 2287184.5 to 2688976.5 (1549-12-31 to 2650-01-25)
  Ephemeris file: de440.bsp - Module: root
[2026-08-29 11:28:54] ERROR:    Error calculating True_North_Lunar_Node: Cannot calculate true Node (ID 11) for JD 2224729.856944 (1379-01-01): date is outside ephemeris range.
  Supported range: JD 2287184.5 to 2688976.5 (1549-12-31 to 2650-01-25)
  Ephemeris file: de440.bsp - Module: root
[2026-08-29 11:28:54] ERROR:    Error calculating Mean_Lilith: Julian day 2224729.862992409 is outside the active ephemeris range 2287184.5 to 2688976.5 - Module: root
[libephemeris] WARNING: Auto SPK coverage miss for body 15: JD 2224729.9 outside SPK coverage [2396713.5, 2506376.5] for body 15
[2026-08-29 11:28:54] ERROR:    Error calculating Chiron: Cannot calculate Chiron (ID 15) for JD 2224729.856944 (1379-01-01): date is outside ephemeris range.
  Supported range: JD 2287184.5 to 2688976.5 (1549-12-31 to 2650-01-25)
  Ephemeris file: de440.bsp - Module: root
[2026-08-29 11:28:54] DEBUG:    Calculating relevant aspects by filtering orbs... - Module: root
[2026-08-29 11:28:54] WARNING:  Could not compute Sun altitude for sect classification: calc_ut: Cannot calculate Sun (ID 0) for JD 2224729.856944 (1379-01-01): date is outside ephemeris range.
  Supported range: JD 2287184.5 to 2688976.5 (1549-12-31 to 2650-01-25)
  Ephemeris file: de440.bsp. Defaulting to diurnal (day chart). - Module: root
[2026-08-29 11:28:54] ERROR:    Error calculating Sun: calc_ut: Cannot calculate Sun (ID 0) for JD 2224729.856944 (1379-01-01): date is outside ephemeris range.
  Supported range: JD 2287184.5 to 2688976.5 (1549-12-31 to 2650-01-25)
  Ephemeris file: de440.bsp - Module: root
[2026-08-29 11:28:54] ERROR:    Error calculating Moon: calc_ut: Cannot calculate Moon (ID 1) for JD 2224729.856944 (1379-01-01): date is outside ephemeris range.
  Supported range: JD 2287184.5 to 2688976.5 (1549-12-31 to 2650-01-25)
  Ephemeris file: de440.bsp - Module: root
[2026-08-29 11:28:54] ERROR:    Error calculating Mercury: calc_ut: Cannot calculate Mercury (ID 2) for JD 2224729.856944 (1379-01-01): date is outside ephemeris range.
  Supported range: JD 2287184.5 to 2688976.5 (1549-12-31 to 2650-01-25)
  Ephemeris file: de440.bsp - Module: root
[2026-08-29 11:28:54] ERROR:    Error calculating Venus: calc_ut: Cannot calculate Venus (ID 3) for JD 2224729.856944 (1379-01-01): date is outside ephemeris range.
  Supported range: JD 2287184.5 to 2688976.5 (1549-12-31 to 2650-01-25)
  Ephemeris file: de440.bsp - Module: root
[2026-08-29 11:28:54] ERROR:    Error calculating Mars: calc_ut: Cannot calculate Mars (ID 4) for JD 2224729.856944 (1379-01-01): date is outside ephemeris range.
  Supported range: JD 2287184.5 to 2688976.5 (1549-12-31 to 2650-01-25)
  Ephemeris file: de440.bsp - Module: root
[2026-08-29 11:28:54] ERROR:    Error calculating Jupiter: calc_ut: Cannot calculate Jupiter (ID 5) for JD 2224729.856944 (1379-01-01): date is outside ephemeris range.
  Supported range: JD 2287184.5 to 2688976.5 (1549-12-31 to 2650-01-25)
  Ephemeris file: de440.bsp - Module: root
[2026-08-29 11:28:55] ERROR:    Error calculating Saturn: calc_ut: Cannot calculate Saturn (ID 6) for JD 2224729.856944 (1379-01-01): date is outside ephemeris range.
  Supported range: JD 2287184.5 to 2688976.5 (1549-12-31 to 2650-01-25)
  Ephemeris file: de440.bsp - Module: root
[2026-08-29 11:28:55] ERROR:    Error calculating Uranus: calc_ut: Cannot calculate Uranus (ID 7) for JD 2224729.856944 (1379-01-01): date is outside ephemeris range.
  Supported range: JD 2287184.5 to 2688976.5 (1549-12-31 to 2650-01-25)
  Ephemeris file: de440.bsp - Module: root
[2026-08-29 11:28:55] ERROR:    Error calculating Neptune: calc_ut: Cannot calculate Neptune (ID 8) for JD 2224729.856944 (1379-01-01): date is outside ephemeris range.
  Supported range: JD 2287184.5 to 2688976.5 (1549-12-31 to 2650-01-25)
  Ephemeris file: de440.bsp - Module: root
[2026-08-29 11:28:55] ERROR:    Error calculating Pluto: calc_ut: Cannot calculate Pluto (ID 9) for JD 2224729.856944 (1379-01-01): date is outside ephemeris range.
  Supported range: JD 2287184.5 to 2688976.5 (1549-12-31 to 2650-01-25)
  Ephemeris file: de440.bsp - Module: root
[2026-08-29 11:28:55] ERROR:    Error calculating True_North_Lunar_Node: Cannot calculate true Node (ID 11) for JD 2224729.856944 (1379-01-01): date is outside ephemeris range.
  Supported range: JD 2287184.5 to 2688976.5 (1549-12-31 to 2650-01-25)
  Ephemeris file: de440.bsp - Module: root
[2026-08-29 11:28:55] ERROR:    Error calculating Mean_Lilith: Julian day 2224729.862992409 is outside the active ephemeris range 2287184.5 to 2688976.5 - Module: root
[libephemeris] WARNING: Auto SPK coverage miss for body 15: JD 2224729.9 outside SPK coverage [2396713.5, 2506376.5] for body 15
[2026-08-29 11:28:55] ERROR:    Error calculating Chiron: Cannot calculate Chiron (ID 15) for JD 2224729.856944 (1379-01-01): date is outside ephemeris range.
  Supported range: JD 2287184.5 to 2688976.5 (1549-12-31 to 2650-01-25)
  Ephemeris file: de440.bsp - Module: root
[2026-08-29 11:28:55] DEBUG:    Calculating relevant aspects by filtering orbs... - Module: root
[2026-08-29 11:28:55] DEBUG:    Planet index: 0, degree: 16.699957439263226 - Module: root
[2026-08-29 11:28:55] DEBUG:    Planet index: 3, degree: 99.75999549533446 - Module: root
[2026-08-29 11:28:55] DEBUG:    Planet index: 2, degree: 196.69995743926322 - Module: root
[2026-08-29 11:28:55] DEBUG:    Planet index: 1, degree: 279.75999549533446 - Module: root
[2026-08-29 11:28:55] DEBUG:    Asc, distance_to_prev: 96.93996194392878, distance_to_next: 83.06003805607124 - Module: root
[2026-08-29 11:28:55] DEBUG:    Ic, distance_to_prev: 83.06003805607124, distance_to_next: 96.93996194392875 - Module: root
[2026-08-29 11:28:55] DEBUG:    Dsc, distance_to_prev: 96.93996194392875, distance_to_next: 83.06003805607125 - Module: root
[2026-08-29 11:28:55] DEBUG:    Mc, distance_to_prev: 83.06003805607125, distance_to_next: 96.93996194392878 - Module: root
[2026-08-29 11:28:55] DEBUG:    Template dictionary includes 139 fields - Module: kerykeion.charts.chart_drawer
[2026-08-29 11:28:55] WARNING:  scour failed on SVG minification, falling back to string-based minification: could not convert string to float: 'var(--kerykeion-modern-zodiac-bg-opacity, 0.5)' - Module: root
[2026-08-29 11:29:03] INFO:     [ANALYSIS] Trying model: openrouter/nvidia/nemotron-3.5-lightning:free - Module: app.routers.context
[2026-08-29 11:29:03] DEBUG:    connect_tcp.started host='localhost' port=20128 local_address=None timeout=180.0 socket_options=None - Module: httpcore.connection
[2026-08-29 11:29:06] DEBUG:    connect_tcp.failed exception=ConnectError(OSError('All connection attempts failed')) - Module: httpcore.connection
[2026-08-29 11:29:06] WARNING:  [ANALYSIS] openrouter/nvidia/nemotron-3.5-lightning:free -> ConnectError: All connection attempts failed - Module: app.routers.context
[2026-08-29 11:29:06] INFO:     [ANALYSIS] Trying model: openrouter/nvidia/nemotron-3-super-120b-a12b:free - Module: app.routers.context
[2026-08-29 11:29:06] DEBUG:    connect_tcp.started host='localhost' port=20128 local_address=None timeout=180.0 socket_options=None - Module: httpcore.connection
[2026-08-29 11:29:08] DEBUG:    connect_tcp.failed exception=ConnectError(OSError('All connection attempts failed')) - Module: httpcore.connection
[2026-08-29 11:29:08] WARNING:  [ANALYSIS] openrouter/nvidia/nemotron-3-super-120b-a12b:free -> ConnectError: All connection attempts failed - Module: app.routers.context
[2026-08-29 11:29:08] INFO:     [ANALYSIS] Trying model: openrouter/nvidia/nemotron-3-nano-omni-30b-a3b-reasoning:free - Module: app.routers.context
[2026-08-29 11:29:08] DEBUG:    connect_tcp.started host='localhost' port=20128 local_address=None timeout=180.0 socket_options=None - Module: httpcore.connection
[2026-08-29 11:29:10] DEBUG:    connect_tcp.failed exception=ConnectError(OSError('All connection attempts failed')) - Module: httpcore.connection
[2026-08-29 11:29:10] WARNING:  [ANALYSIS] openrouter/nvidia/nemotron-3-nano-omni-30b-a3b-reasoning:free -> ConnectError: All connection attempts failed - Module: app.routers.context
[2026-08-29 11:29:10] INFO:     [ANALYSIS] Trying model: openrouter/openrouter/free - Module: app.routers.context
[2026-08-29 11:29:10] DEBUG:    connect_tcp.started host='localhost' port=20128 local_address=None timeout=180.0 socket_options=None - Module: httpcore.connection
[2026-08-29 11:29:13] DEBUG:    connect_tcp.failed exception=ConnectError(OSError('All connection attempts failed')) - Module: httpcore.connection
[2026-08-29 11:29:13] WARNING:  [ANALYSIS] openrouter/openrouter/free -> ConnectError: All connection attempts failed - Module: app.routers.context
[2026-08-29 11:29:13] INFO:     [ANALYSIS] Trying model: openrouter/cohere/north-mini-code:free - Module: app.routers.context
[2026-08-29 11:29:13] DEBUG:    connect_tcp.started host='localhost' port=20128 local_address=None timeout=180.0 socket_options=None - Module: httpcore.connection
[2026-08-29 11:29:15] DEBUG:    connect_tcp.failed exception=ConnectError(OSError('All connection attempts failed')) - Module: httpcore.connection
[2026-08-29 11:29:15] WARNING:  [ANALYSIS] openrouter/cohere/north-mini-code:free -> ConnectError: All connection attempts failed - Module: app.routers.context
[2026-08-29 11:30:29] DEBUG:    connect_tcp.started host='api.nasa.gov' port=443 local_address=None timeout=15.0 socket_options=None - Module: httpcore.connection
[2026-08-29 11:30:30] DEBUG:    connect_tcp.complete return_value=<httpcore._backends.anyio.AnyIOStream object at 0x0000024948768830> - Module: httpcore.connection
[2026-08-29 11:30:30] DEBUG:    start_tls.started ssl_context=<ssl.SSLContext object at 0x000002494883B800> server_hostname='api.nasa.gov' timeout=15.0 - Module: httpcore.connection
[2026-08-29 11:30:31] DEBUG:    start_tls.complete return_value=<httpcore._backends.anyio.AnyIOStream object at 0x0000024949A31090> - Module: httpcore.connection
[2026-08-29 11:30:31] DEBUG:    send_request_headers.started request=<Request [b'GET']> - Module: httpcore.http11
[2026-08-29 11:30:31] DEBUG:    send_request_headers.complete - Module: httpcore.http11
[2026-08-29 11:30:31] DEBUG:    send_request_body.started request=<Request [b'GET']> - Module: httpcore.http11
[2026-08-29 11:30:31] DEBUG:    send_request_body.complete - Module: httpcore.http11
[2026-08-29 11:30:31] DEBUG:    receive_response_headers.started request=<Request [b'GET']> - Module: httpcore.http11
[2026-08-29 11:30:32] DEBUG:    receive_response_headers.complete return_value=(b'HTTP/1.1', 200, b'OK', [(b'Date', b'Sat, 29 Aug 2026 08:00:33 GMT'), (b'Content-Type', b'application/json'), (b'Transfer-Encoding', b'chunked'), (b'Connection', b'keep-alive'), (b'Access-Control-Allow-Origin', b'*'), (b'Access-Control-Expose-Headers', b'X-RateLimit-Limit, X-RateLimit-Remaining'), (b'Age', b'0'), (b'Content-Encoding', b'gzip'), (b'Referrer-Policy', b'strict-origin-when-cross-origin'), (b'Strict-Transport-Security', b'max-age=31536000; includeSubDomains; preload'), (b'Vary', b'Accept-Encoding'), (b'Via', b'https/1.1 api-umbrella (ApacheTrafficServer [cMsSf ])'), (b'X-Api-Umbrella-Request-Id', b'd09i4e00r7130n8ctf20'), (b'X-Cache', b'MISS'), (b'X-Content-Type-Options', b'nosniff'), (b'X-Powered-By', b'appdat'), (b'X-Ratelimit-Limit', b'10000'), (b'X-Ratelimit-Remaining', b'9999'), (b'X-Using-Nginx-Controller', b'true'), (b'X-Vcap-Request-Id', b'a6e63577-bb19-4edd-77c2-6119556eb95b'), (b'X-Xss-Protection', b'1; mode=block'), (b'X-Frame-Options', b'SAMEORIGIN')]) - Module: httpcore.http11
[2026-08-29 11:30:32] INFO:     HTTP Request: GET https://api.nasa.gov/planetary/apod?thumbs=true&api_key=xhUkRhjfqiRE8WnfD3FTIRwc75ddqg1lQL1CeK92 "HTTP/1.1 200 OK" - Module: httpx
[2026-08-29 11:30:32] DEBUG:    receive_response_body.started request=<Request [b'GET']> - Module: httpcore.http11
[2026-08-29 11:30:32] DEBUG:    receive_response_body.complete - Module: httpcore.http11
[2026-08-29 11:30:32] DEBUG:    response_closed.started - Module: httpcore.http11
[2026-08-29 11:30:32] DEBUG:    response_closed.complete - Module: httpcore.http11
[2026-08-29 11:30:32] DEBUG:    close.started - Module: httpcore.connection
[2026-08-29 11:30:32] DEBUG:    close.complete - Module: httpcore.connection
[2026-08-29 11:30:45] DEBUG:    connect_tcp.started host='api.nasa.gov' port=443 local_address=None timeout=20.0 socket_options=None - Module: httpcore.connection
[2026-08-29 11:30:45] DEBUG:    connect_tcp.complete return_value=<httpcore._backends.anyio.AnyIOStream object at 0x0000024949A31450> - Module: httpcore.connection
[2026-08-29 11:30:45] DEBUG:    start_tls.started ssl_context=<ssl.SSLContext object at 0x000002494882A270> server_hostname='api.nasa.gov' timeout=20.0 - Module: httpcore.connection
[2026-08-29 11:30:46] DEBUG:    start_tls.complete return_value=<httpcore._backends.anyio.AnyIOStream object at 0x00000249488ADE00> - Module: httpcore.connection
[2026-08-29 11:30:46] DEBUG:    send_request_headers.started request=<Request [b'GET']> - Module: httpcore.http11
[2026-08-29 11:30:46] DEBUG:    send_request_headers.complete - Module: httpcore.http11
[2026-08-29 11:30:46] DEBUG:    send_request_body.started request=<Request [b'GET']> - Module: httpcore.http11
[2026-08-29 11:30:46] DEBUG:    send_request_body.complete - Module: httpcore.http11
[2026-08-29 11:30:46] DEBUG:    receive_response_headers.started request=<Request [b'GET']> - Module: httpcore.http11
[2026-08-29 11:30:46] DEBUG:    receive_response_headers.complete return_value=(b'HTTP/1.1', 404, b'Not Found', [(b'Date', b'Sat, 29 Aug 2026 08:00:48 GMT'), (b'Content-Type', b'text/html; charset=utf-8'), (b'Content-Length', b'5254'), (b'Connection', b'keep-alive'), (b'Accept-Ranges', b'bytes'), (b'Access-Control-Allow-Origin', b'*'), (b'Age', b'0'), (b'Content-Encoding', b'gzip'), (b'Content-Security-Policy', b"default-src 'none'; style-src 'unsafe-inline'; img-src data:; connect-src 'self'"), (b'Etag', b'W/"6a8feae0-24a3"'), (b'Strict-Transport-Security', b'max-age=31536000; includeSubDomains; preload'), (b'Vary', b'Accept-Encoding'), (b'Vary', b'Accept-Encoding'), (b'Via', b'1.1 varnish, https/1.1 api-umbrella (ApacheTrafficServer [cMsSf ])'), (b'X-Api-Umbrella-Request-Id', b'd09i4hj4tpdc1b0uigk0'), (b'X-Cache', b'MISS'), (b'X-Cache-Hits', b'0'), (b'X-Content-Type-Options', b'nosniff'), (b'X-Fastly-Request-Id', b'dd140ec29f1dcea319a8edbec3bf8c5934fb6227'), (b'X-Github-Edge-Region', b'sea'), (b'X-Github-Request-Id', b'184E:686CA:28BB49:2B662D:6A9291B0'), (b'X-Proxy-Cache', b'MISS'), (b'X-Served-By', b'cache-bfi-krnt7300110-BFI'), (b'X-Timer', b'S1787990449.549255,VS0,VE98'), (b'X-Vcap-Request-Id', b'8e9723cb-c6a9-491c-4204-108d6715a593'), (b'X-Xss-Protection', b'1; mode=block'), (b'X-Frame-Options', b'DENY')]) - Module: httpcore.http11
[2026-08-29 11:30:46] INFO:     HTTP Request: GET https://api.nasa.gov/images-api/search?q=moon&page=1&media_type=image&api_key=xhUkRhjfqiRE8WnfD3FTIRwc75ddqg1lQL1CeK92 "HTTP/1.1 404 Not Found" - Module: httpx
[2026-08-29 11:30:46] DEBUG:    receive_response_body.started request=<Request [b'GET']> - Module: httpcore.http11
[2026-08-29 11:30:46] DEBUG:    receive_response_body.complete - Module: httpcore.http11
[2026-08-29 11:30:46] DEBUG:    response_closed.started - Module: httpcore.http11
[2026-08-29 11:30:46] DEBUG:    response_closed.complete - Module: httpcore.http11
[2026-08-29 11:30:46] DEBUG:    close.started - Module: httpcore.connection
[2026-08-29 11:30:46] DEBUG:    close.complete - Module: httpcore.connection
[2026-08-29 11:30:56] DEBUG:    connect_tcp.started host='api.nasa.gov' port=443 local_address=None timeout=20.0 socket_options=None - Module: httpcore.connection
[2026-08-29 11:30:56] DEBUG:    connect_tcp.complete return_value=<httpcore._backends.anyio.AnyIOStream object at 0x0000024949A802B0> - Module: httpcore.connection
[2026-08-29 11:30:56] DEBUG:    start_tls.started ssl_context=<ssl.SSLContext object at 0x000002494882B450> server_hostname='api.nasa.gov' timeout=20.0 - Module: httpcore.connection
[2026-08-29 11:30:57] DEBUG:    start_tls.complete return_value=<httpcore._backends.anyio.AnyIOStream object at 0x0000024948876570> - Module: httpcore.connection
[2026-08-29 11:30:57] DEBUG:    send_request_headers.started request=<Request [b'GET']> - Module: httpcore.http11
[2026-08-29 11:30:57] DEBUG:    send_request_headers.complete - Module: httpcore.http11
[2026-08-29 11:30:57] DEBUG:    send_request_body.started request=<Request [b'GET']> - Module: httpcore.http11
[2026-08-29 11:30:57] DEBUG:    send_request_body.complete - Module: httpcore.http11
[2026-08-29 11:30:57] DEBUG:    receive_response_headers.started request=<Request [b'GET']> - Module: httpcore.http11
[2026-08-29 11:30:58] DEBUG:    receive_response_headers.complete return_value=(b'HTTP/1.1', 200, b'OK', [(b'Date', b'Sat, 29 Aug 2026 08:01:00 GMT'), (b'Content-Type', b'application/json;charset=utf-8'), (b'Transfer-Encoding', b'chunked'), (b'Connection', b'keep-alive'), (b'Access-Control-Allow-Headers', b'x-requested-with, Content-Type, origin, authorization, accept, client-security-token'), (b'Access-Control-Allow-Methods', b'POST, GET, OPTIONS, DELETE, PUT'), (b'Access-Control-Allow-Origin', b'*'), (b'Access-Control-Max-Age', b'1000'), (b'Age', b'219'), (b'Cache-Control', b'max-age=60'), (b'Content-Encoding', b'gzip'), (b'Content-Security-Policy', b"frame-ancestors 'self' https://*.nasa.gov https://nasa.gov;"), (b'Expires', b"{ts '2026-08-29 07:57:21'}"), (b'Strict-Transport-Security', b'max-age=31536000; includeSubDomains; preload'), (b'Vary', b'Accept-Encoding'), (b'Vary', b'Accept-Encoding'), (b'Via', b'1.1 c28e01aa413e9ea602538ccda1511062.cloudfront.net (CloudFront), https/1.1 api-umbrella (ApacheTrafficServer [cSsSfU])'), (b'X-Amz-Cf-Id', b'trkaCgt08ENmb5JhikCOkbyTHALCsuNa6db1Nc9AfckHQjorIJv4lA=='), (b'X-Amz-Cf-Pop', b'HIO52-P1'), (b'X-Api-Umbrella-Request-Id', b'd09i4kgko4gc550378q0'), (b'X-Cache', b'Hit from cloudfront'), (b'X-Content-Type-Options', b'nosniff'), (b'X-Ratelimit-Limit', b'2000'), (b'X-Ratelimit-Remaining', b'1998'), (b'X-Vcap-Request-Id', b'ac95028e-2a6f-42c1-6c4a-2ea60248dba4')]) - Module: httpcore.http11
[2026-08-29 11:30:58] INFO:     HTTP Request: GET https://api.nasa.gov/insight_weather/?feedtype=json&ver=1.0&api_key=xhUkRhjfqiRE8WnfD3FTIRwc75ddqg1lQL1CeK92 "HTTP/1.1 200 OK" - Module: httpx
[2026-08-29 11:30:58] DEBUG:    receive_response_body.started request=<Request [b'GET']> - Module: httpcore.http11
[2026-08-29 11:30:58] DEBUG:    receive_response_body.complete - Module: httpcore.http11
[2026-08-29 11:30:58] DEBUG:    response_closed.started - Module: httpcore.http11
[2026-08-29 11:30:58] DEBUG:    response_closed.complete - Module: httpcore.http11
[2026-08-29 11:30:58] DEBUG:    close.started - Module: httpcore.connection
[2026-08-29 11:30:58] DEBUG:    close.complete - Module: httpcore.connection
[2026-08-29 11:46:41] DEBUG:    connect_tcp.started host='api.nasa.gov' port=443 local_address=None timeout=20.0 socket_options=None - Module: httpcore.connection
[2026-08-29 11:46:41] DEBUG:    connect_tcp.complete return_value=<httpcore._backends.anyio.AnyIOStream object at 0x000002494A4838A0> - Module: httpcore.connection
[2026-08-29 11:46:41] DEBUG:    start_tls.started ssl_context=<ssl.SSLContext object at 0x000002494A3F9C70> server_hostname='api.nasa.gov' timeout=20.0 - Module: httpcore.connection
[2026-08-29 11:46:42] DEBUG:    start_tls.complete return_value=<httpcore._backends.anyio.AnyIOStream object at 0x000002494A483460> - Module: httpcore.connection
[2026-08-29 11:46:42] DEBUG:    send_request_headers.started request=<Request [b'GET']> - Module: httpcore.http11
[2026-08-29 11:46:42] DEBUG:    send_request_headers.complete - Module: httpcore.http11
[2026-08-29 11:46:42] DEBUG:    send_request_body.started request=<Request [b'GET']> - Module: httpcore.http11
[2026-08-29 11:46:42] DEBUG:    send_request_body.complete - Module: httpcore.http11
[2026-08-29 11:46:42] DEBUG:    receive_response_headers.started request=<Request [b'GET']> - Module: httpcore.http11
[2026-08-29 11:46:43] DEBUG:    receive_response_headers.complete return_value=(b'HTTP/1.1', 404, b'Not Found', [(b'Date', b'Sat, 29 Aug 2026 08:16:45 GMT'), (b'Content-Type', b'text/html; charset=utf-8'), (b'Content-Length', b'5254'), (b'Connection', b'keep-alive'), (b'Accept-Ranges', b'bytes'), (b'Access-Control-Allow-Origin', b'*'), (b'Age', b'957'), (b'Content-Encoding', b'gzip'), (b'Content-Security-Policy', b"default-src 'none'; style-src 'unsafe-inline'; img-src data:; connect-src 'self'"), (b'Etag', b'W/"6a8feae0-24a3"'), (b'Strict-Transport-Security', b'max-age=31536000; includeSubDomains; preload'), (b'Vary', b'Accept-Encoding'), (b'Vary', b'Accept-Encoding'), (b'Via', b'1.1 varnish, https/1.1 api-umbrella (ApacheTrafficServer [cMsSf ])'), (b'X-Api-Umbrella-Request-Id', b'd09ibr6c0bqv843l5390'), (b'X-Cache', b'HIT'), (b'X-Cache-Hits', b'0'), (b'X-Content-Type-Options', b'nosniff'), (b'X-Fastly-Request-Id', b'a7cf172b9fb5335e365d96fac503e1a2bd4c9fbe'), (b'X-Github-Edge-Region', b'sea'), (b'X-Github-Request-Id', b'184E:686CA:28BB49:2B662D:6A9291B0'), (b'X-Proxy-Cache', b'MISS'), (b'X-Served-By', b'cache-bfi-kbfi7400094-BFI'), (b'X-Timer', b'S1787991405.374971,VS0,VE3'), (b'X-Vcap-Request-Id', b'2372bb6e-e4fd-4843-498a-9e419b6d8603'), (b'X-Xss-Protection', b'1; mode=block'), (b'X-Frame-Options', b'DENY')]) - Module: httpcore.http11
[2026-08-29 11:46:43] INFO:     HTTP Request: GET https://api.nasa.gov/images-api/search?q=moon&page=1&media_type=image&api_key=xhUkRhjfqiRE8WnfD3FTIRwc75ddqg1lQL1CeK92 "HTTP/1.1 404 Not Found" - Module: httpx
[2026-08-29 11:46:43] DEBUG:    receive_response_body.started request=<Request [b'GET']> - Module: httpcore.http11
[2026-08-29 11:46:43] DEBUG:    receive_response_body.complete - Module: httpcore.http11
[2026-08-29 11:46:43] DEBUG:    response_closed.started - Module: httpcore.http11
[2026-08-29 11:46:43] DEBUG:    response_closed.complete - Module: httpcore.http11
[2026-08-29 11:46:43] DEBUG:    close.started - Module: httpcore.connection
[2026-08-29 11:46:43] DEBUG:    close.complete - Module: httpcore.connection
[2026-08-29 11:46:45] DEBUG:    connect_tcp.started host='api.nasa.gov' port=443 local_address=None timeout=20.0 socket_options=None - Module: httpcore.connection
[2026-08-29 11:46:45] DEBUG:    connect_tcp.complete return_value=<httpcore._backends.anyio.AnyIOStream object at 0x0000024949A61D50> - Module: httpcore.connection
[2026-08-29 11:46:45] DEBUG:    start_tls.started ssl_context=<ssl.SSLContext object at 0x000002494A3FB890> server_hostname='api.nasa.gov' timeout=20.0 - Module: httpcore.connection
[2026-08-29 11:46:46] DEBUG:    start_tls.complete return_value=<httpcore._backends.anyio.AnyIOStream object at 0x0000024949A61E50> - Module: httpcore.connection
[2026-08-29 11:46:46] DEBUG:    send_request_headers.started request=<Request [b'GET']> - Module: httpcore.http11
[2026-08-29 11:46:46] DEBUG:    send_request_headers.complete - Module: httpcore.http11
[2026-08-29 11:46:46] DEBUG:    send_request_body.started request=<Request [b'GET']> - Module: httpcore.http11
[2026-08-29 11:46:46] DEBUG:    send_request_body.complete - Module: httpcore.http11
[2026-08-29 11:46:46] DEBUG:    receive_response_headers.started request=<Request [b'GET']> - Module: httpcore.http11
[2026-08-29 11:46:46] DEBUG:    receive_response_headers.complete return_value=(b'HTTP/1.1', 404, b'Not Found', [(b'Date', b'Sat, 29 Aug 2026 08:16:48 GMT'), (b'Content-Type', b'text/html; charset=utf-8'), (b'Content-Length', b'5254'), (b'Connection', b'keep-alive'), (b'Accept-Ranges', b'bytes'), (b'Access-Control-Allow-Origin', b'*'), (b'Age', b'960'), (b'Content-Encoding', b'gzip'), (b'Content-Security-Policy', b"default-src 'none'; style-src 'unsafe-inline'; img-src data:; connect-src 'self'"), (b'Etag', b'W/"6a8feae0-24a3"'), (b'Strict-Transport-Security', b'max-age=31536000; includeSubDomains; preload'), (b'Vary', b'Accept-Encoding'), (b'Vary', b'Accept-Encoding'), (b'Via', b'1.1 varnish, https/1.1 api-umbrella (ApacheTrafficServer [cMsSf ])'), (b'X-Api-Umbrella-Request-Id', b'd09ibrsodpb2h8baph4g'), (b'X-Cache', b'HIT'), (b'X-Cache-Hits', b'1'), (b'X-Content-Type-Options', b'nosniff'), (b'X-Fastly-Request-Id', b'f6545365b0aa09a5c3f5a9ab11017a014c9bd56d'), (b'X-Github-Edge-Region', b'sea'), (b'X-Github-Request-Id', b'184E:686CA:28BB49:2B662D:6A9291B0'), (b'X-Proxy-Cache', b'MISS'), (b'X-Served-By', b'cache-bfi-kbfi7400117-BFI'), (b'X-Timer', b'S1787991408.239974,VS0,VE1'), (b'X-Vcap-Request-Id', b'88a17214-ce47-4943-68d0-b1f2e3a84305'), (b'X-Xss-Protection', b'1; mode=block'), (b'X-Frame-Options', b'DENY')]) - Module: httpcore.http11
[2026-08-29 11:46:46] INFO:     HTTP Request: GET https://api.nasa.gov/images-api/search?q=moon&page=1&media_type=image&api_key=xhUkRhjfqiRE8WnfD3FTIRwc75ddqg1lQL1CeK92 "HTTP/1.1 404 Not Found" - Module: httpx
[2026-08-29 11:46:46] DEBUG:    receive_response_body.started request=<Request [b'GET']> - Module: httpcore.http11
[2026-08-29 11:46:46] DEBUG:    receive_response_body.complete - Module: httpcore.http11
[2026-08-29 11:46:46] DEBUG:    response_closed.started - Module: httpcore.http11
[2026-08-29 11:46:46] DEBUG:    response_closed.complete - Module: httpcore.http11
[2026-08-29 11:46:46] DEBUG:    close.started - Module: httpcore.connection
[2026-08-29 11:46:46] DEBUG:    close.complete - Module: httpcore.connection
[2026-08-29 11:48:13] DEBUG:    connect_tcp.started host='api.nasa.gov' port=443 local_address=None timeout=20.0 socket_options=None - Module: httpcore.connection
[2026-08-29 11:48:14] DEBUG:    connect_tcp.complete return_value=<httpcore._backends.anyio.AnyIOStream object at 0x0000024949A86300> - Module: httpcore.connection
[2026-08-29 11:48:14] DEBUG:    start_tls.started ssl_context=<ssl.SSLContext object at 0x00000249488A7050> server_hostname='api.nasa.gov' timeout=20.0 - Module: httpcore.connection
[2026-08-29 11:48:14] DEBUG:    start_tls.complete return_value=<httpcore._backends.anyio.AnyIOStream object at 0x0000024949A866C0> - Module: httpcore.connection
[2026-08-29 11:48:14] DEBUG:    send_request_headers.started request=<Request [b'GET']> - Module: httpcore.http11
[2026-08-29 11:48:14] DEBUG:    send_request_headers.complete - Module: httpcore.http11
[2026-08-29 11:48:14] DEBUG:    send_request_body.started request=<Request [b'GET']> - Module: httpcore.http11
[2026-08-29 11:48:14] DEBUG:    send_request_body.complete - Module: httpcore.http11
[2026-08-29 11:48:14] DEBUG:    receive_response_headers.started request=<Request [b'GET']> - Module: httpcore.http11
[2026-08-29 11:48:15] DEBUG:    receive_response_headers.complete return_value=(b'HTTP/1.1', 404, b'Not Found', [(b'Date', b'Sat, 29 Aug 2026 08:18:17 GMT'), (b'Content-Type', b'text/html; charset=utf-8'), (b'Content-Length', b'5254'), (b'Connection', b'keep-alive'), (b'Accept-Ranges', b'bytes'), (b'Access-Control-Allow-Origin', b'*'), (b'Age', b'1049'), (b'Content-Encoding', b'gzip'), (b'Content-Security-Policy', b"default-src 'none'; style-src 'unsafe-inline'; img-src data:; connect-src 'self'"), (b'Etag', b'W/"6a8feae0-24a3"'), (b'Strict-Transport-Security', b'max-age=31536000; includeSubDomains; preload'), (b'Vary', b'Accept-Encoding'), (b'Vary', b'Accept-Encoding'), (b'Via', b'1.1 varnish, https/1.1 api-umbrella (ApacheTrafficServer [cMsSf ])'), (b'X-Api-Umbrella-Request-Id', b'd09ichmnpq76eplbotfg'), (b'X-Cache', b'HIT'), (b'X-Cache-Hits', b'1'), (b'X-Content-Type-Options', b'nosniff'), (b'X-Fastly-Request-Id', b'7e63937de1c9db93f696ea3e19eebbcc6b5df9b7'), (b'X-Github-Edge-Region', b'sea'), (b'X-Github-Request-Id', b'184E:686CA:28BB49:2B662D:6A9291B0'), (b'X-Proxy-Cache', b'MISS'), (b'X-Served-By', b'cache-bfi-krnt7300054-BFI'), (b'X-Timer', b'S1787991498.580447,VS0,VE2'), (b'X-Vcap-Request-Id', b'faffc898-1931-417d-7458-10c4981803b8'), (b'X-Xss-Protection', b'1; mode=block'), (b'X-Frame-Options', b'DENY')]) - Module: httpcore.http11
[2026-08-29 11:48:15] INFO:     HTTP Request: GET https://api.nasa.gov/images-api/search?q=0&page=1&media_type=image&api_key=xhUkRhjfqiRE8WnfD3FTIRwc75ddqg1lQL1CeK92 "HTTP/1.1 404 Not Found" - Module: httpx
[2026-08-29 11:48:15] DEBUG:    receive_response_body.started request=<Request [b'GET']> - Module: httpcore.http11
[2026-08-29 11:48:15] DEBUG:    receive_response_body.complete - Module: httpcore.http11
[2026-08-29 11:48:15] DEBUG:    response_closed.started - Module: httpcore.http11
[2026-08-29 11:48:15] DEBUG:    response_closed.complete - Module: httpcore.http11
[2026-08-29 11:48:15] DEBUG:    close.started - Module: httpcore.connection
[2026-08-29 11:48:15] DEBUG:    close.complete - Module: httpcore.connection
[2026-08-29 12:14:29] INFO:     POST /api/v5/chart-data/composite | IP: 127.0.0.1 | Origin: http://127.0.0.1:8003 | Composite chart data request - Module: app.routers.data
[2026-08-29 12:14:29] DEBUG:    Request body: {"active_points":null,"active_aspects":null,"distribution_method":"weighted","custom_distribution_weights":null,"first_subject":{"year":1379,"month":1,"day":1,"hour":12,"minute":0,"second":0,"longitude":50.861206,"latitude":35.734808,"altitude":null,"city":"Unknown","nation":"null","timezone":"Asia/Tehran","is_dst":null,"geonames_username":null,"name":"کاربر","zodiac_type":"Tropical","sidereal_mode":null,"perspective_type":"Apparent Geocentric","houses_system_identifier":"P","custom_ayanamsa_t0":null,"custom_ayanamsa_ayan_t0":null},"second_subject":{"year":1379,"month":1,"day":1,"hour":12,"minute":0,"second":0,"longitude":51.196289,"latitude":35.676821,"altitude":null,"city":"Unknown","nation":"null","timezone":"Asia/Tehran","is_dst":null,"geonames_username":null,"name":"کاربر","zodiac_type":"Tropical","sidereal_mode":null,"perspective_type":"Apparent Geocentric","houses_system_identifier":"P","custom_ayanamsa_t0":null,"custom_ayanamsa_ayan_t0":null}} - Module: app.routers.data
[2026-08-29 12:14:29] WARNING:  Could not compute Sun altitude for sect classification: calc_ut: Cannot calculate Sun (ID 0) for JD 2224729.856944 (1379-01-01): date is outside ephemeris range.
  Supported range: JD 2287184.5 to 2688976.5 (1549-12-31 to 2650-01-25)
  Ephemeris file: de440.bsp. Defaulting to diurnal (day chart). - Module: root
[2026-08-29 12:14:29] ERROR:    Error calculating Sun: calc_ut: Cannot calculate Sun (ID 0) for JD 2224729.856944 (1379-01-01): date is outside ephemeris range.
  Supported range: JD 2287184.5 to 2688976.5 (1549-12-31 to 2650-01-25)
  Ephemeris file: de440.bsp - Module: root
[2026-08-29 12:14:29] ERROR:    Error calculating Moon: calc_ut: Cannot calculate Moon (ID 1) for JD 2224729.856944 (1379-01-01): date is outside ephemeris range.
  Supported range: JD 2287184.5 to 2688976.5 (1549-12-31 to 2650-01-25)
  Ephemeris file: de440.bsp - Module: root
[2026-08-29 12:14:29] ERROR:    Error calculating Mercury: calc_ut: Cannot calculate Mercury (ID 2) for JD 2224729.856944 (1379-01-01): date is outside ephemeris range.
  Supported range: JD 2287184.5 to 2688976.5 (1549-12-31 to 2650-01-25)
  Ephemeris file: de440.bsp - Module: root
[2026-08-29 12:14:29] ERROR:    Error calculating Venus: calc_ut: Cannot calculate Venus (ID 3) for JD 2224729.856944 (1379-01-01): date is outside ephemeris range.
  Supported range: JD 2287184.5 to 2688976.5 (1549-12-31 to 2650-01-25)
  Ephemeris file: de440.bsp - Module: root
[2026-08-29 12:14:29] ERROR:    Error calculating Mars: calc_ut: Cannot calculate Mars (ID 4) for JD 2224729.856944 (1379-01-01): date is outside ephemeris range.
  Supported range: JD 2287184.5 to 2688976.5 (1549-12-31 to 2650-01-25)
  Ephemeris file: de440.bsp - Module: root
[2026-08-29 12:14:29] ERROR:    Error calculating Jupiter: calc_ut: Cannot calculate Jupiter (ID 5) for JD 2224729.856944 (1379-01-01): date is outside ephemeris range.
  Supported range: JD 2287184.5 to 2688976.5 (1549-12-31 to 2650-01-25)
  Ephemeris file: de440.bsp - Module: root
[2026-08-29 12:14:29] ERROR:    Error calculating Saturn: calc_ut: Cannot calculate Saturn (ID 6) for JD 2224729.856944 (1379-01-01): date is outside ephemeris range.
  Supported range: JD 2287184.5 to 2688976.5 (1549-12-31 to 2650-01-25)
  Ephemeris file: de440.bsp - Module: root
[2026-08-29 12:14:29] ERROR:    Error calculating Uranus: calc_ut: Cannot calculate Uranus (ID 7) for JD 2224729.856944 (1379-01-01): date is outside ephemeris range.
  Supported range: JD 2287184.5 to 2688976.5 (1549-12-31 to 2650-01-25)
  Ephemeris file: de440.bsp - Module: root
[2026-08-29 12:14:29] ERROR:    Error calculating Neptune: calc_ut: Cannot calculate Neptune (ID 8) for JD 2224729.856944 (1379-01-01): date is outside ephemeris range.
  Supported range: JD 2287184.5 to 2688976.5 (1549-12-31 to 2650-01-25)
  Ephemeris file: de440.bsp - Module: root
[2026-08-29 12:14:29] ERROR:    Error calculating Pluto: calc_ut: Cannot calculate Pluto (ID 9) for JD 2224729.856944 (1379-01-01): date is outside ephemeris range.
  Supported range: JD 2287184.5 to 2688976.5 (1549-12-31 to 2650-01-25)
  Ephemeris file: de440.bsp - Module: root
[2026-08-29 12:14:29] ERROR:    Error calculating True_North_Lunar_Node: Cannot calculate true Node (ID 11) for JD 2224729.856944 (1379-01-01): date is outside ephemeris range.
  Supported range: JD 2287184.5 to 2688976.5 (1549-12-31 to 2650-01-25)
  Ephemeris file: de440.bsp - Module: root
[2026-08-29 12:14:29] ERROR:    Error calculating Mean_Lilith: Julian day 2224729.862992409 is outside the active ephemeris range 2287184.5 to 2688976.5 - Module: root
[libephemeris] WARNING: Auto SPK coverage miss for body 15: JD 2224729.9 outside SPK coverage [2396713.5, 2506376.5] for body 15
[2026-08-29 12:14:29] ERROR:    Error calculating Chiron: Cannot calculate Chiron (ID 15) for JD 2224729.856944 (1379-01-01): date is outside ephemeris range.
  Supported range: JD 2287184.5 to 2688976.5 (1549-12-31 to 2650-01-25)
  Ephemeris file: de440.bsp - Module: root
[2026-08-29 12:14:29] WARNING:  Could not compute Sun altitude for sect classification: calc_ut: Cannot calculate Sun (ID 0) for JD 2224729.856944 (1379-01-01): date is outside ephemeris range.
  Supported range: JD 2287184.5 to 2688976.5 (1549-12-31 to 2650-01-25)
  Ephemeris file: de440.bsp. Defaulting to diurnal (day chart). - Module: root
[2026-08-29 12:14:29] ERROR:    Error calculating Sun: calc_ut: Cannot calculate Sun (ID 0) for JD 2224729.856944 (1379-01-01): date is outside ephemeris range.
  Supported range: JD 2287184.5 to 2688976.5 (1549-12-31 to 2650-01-25)
  Ephemeris file: de440.bsp - Module: root
[2026-08-29 12:14:29] ERROR:    Error calculating Moon: calc_ut: Cannot calculate Moon (ID 1) for JD 2224729.856944 (1379-01-01): date is outside ephemeris range.
  Supported range: JD 2287184.5 to 2688976.5 (1549-12-31 to 2650-01-25)
  Ephemeris file: de440.bsp - Module: root
[2026-08-29 12:14:29] ERROR:    Error calculating Mercury: calc_ut: Cannot calculate Mercury (ID 2) for JD 2224729.856944 (1379-01-01): date is outside ephemeris range.
  Supported range: JD 2287184.5 to 2688976.5 (1549-12-31 to 2650-01-25)
  Ephemeris file: de440.bsp - Module: root
[2026-08-29 12:14:29] ERROR:    Error calculating Venus: calc_ut: Cannot calculate Venus (ID 3) for JD 2224729.856944 (1379-01-01): date is outside ephemeris range.
  Supported range: JD 2287184.5 to 2688976.5 (1549-12-31 to 2650-01-25)
  Ephemeris file: de440.bsp - Module: root
[2026-08-29 12:14:29] ERROR:    Error calculating Mars: calc_ut: Cannot calculate Mars (ID 4) for JD 2224729.856944 (1379-01-01): date is outside ephemeris range.
  Supported range: JD 2287184.5 to 2688976.5 (1549-12-31 to 2650-01-25)
  Ephemeris file: de440.bsp - Module: root
[2026-08-29 12:14:29] ERROR:    Error calculating Jupiter: calc_ut: Cannot calculate Jupiter (ID 5) for JD 2224729.856944 (1379-01-01): date is outside ephemeris range.
  Supported range: JD 2287184.5 to 2688976.5 (1549-12-31 to 2650-01-25)
  Ephemeris file: de440.bsp - Module: root
[2026-08-29 12:14:29] ERROR:    Error calculating Saturn: calc_ut: Cannot calculate Saturn (ID 6) for JD 2224729.856944 (1379-01-01): date is outside ephemeris range.
  Supported range: JD 2287184.5 to 2688976.5 (1549-12-31 to 2650-01-25)
  Ephemeris file: de440.bsp - Module: root
[2026-08-29 12:14:29] ERROR:    Error calculating Uranus: calc_ut: Cannot calculate Uranus (ID 7) for JD 2224729.856944 (1379-01-01): date is outside ephemeris range.
  Supported range: JD 2287184.5 to 2688976.5 (1549-12-31 to 2650-01-25)
  Ephemeris file: de440.bsp - Module: root
[2026-08-29 12:14:29] ERROR:    Error calculating Neptune: calc_ut: Cannot calculate Neptune (ID 8) for JD 2224729.856944 (1379-01-01): date is outside ephemeris range.
  Supported range: JD 2287184.5 to 2688976.5 (1549-12-31 to 2650-01-25)
  Ephemeris file: de440.bsp - Module: root
[2026-08-29 12:14:29] ERROR:    Error calculating Pluto: calc_ut: Cannot calculate Pluto (ID 9) for JD 2224729.856944 (1379-01-01): date is outside ephemeris range.
  Supported range: JD 2287184.5 to 2688976.5 (1549-12-31 to 2650-01-25)
  Ephemeris file: de440.bsp - Module: root
[2026-08-29 12:14:29] ERROR:    Error calculating True_North_Lunar_Node: Cannot calculate true Node (ID 11) for JD 2224729.856944 (1379-01-01): date is outside ephemeris range.
  Supported range: JD 2287184.5 to 2688976.5 (1549-12-31 to 2650-01-25)
  Ephemeris file: de440.bsp - Module: root
[2026-08-29 12:14:29] ERROR:    Error calculating Mean_Lilith: Julian day 2224729.862992409 is outside the active ephemeris range 2287184.5 to 2688976.5 - Module: root
[libephemeris] WARNING: Auto SPK coverage miss for body 15: JD 2224729.9 outside SPK coverage [2396713.5, 2506376.5] for body 15
[2026-08-29 12:14:29] ERROR:    Error calculating Chiron: Cannot calculate Chiron (ID 15) for JD 2224729.856944 (1379-01-01): date is outside ephemeris range.
  Supported range: JD 2287184.5 to 2688976.5 (1549-12-31 to 2650-01-25)
  Ephemeris file: de440.bsp - Module: root
[2026-08-29 12:14:29] WARNING:  Composite subject creation failed ('CompositeSubjectFactory' object has no attribute 'moon'). - Module: app.utils.router_utils
[2026-08-29 12:14:29] ERROR:    http://127.0.0.1:8003/api/v5/chart-data/composite: Could not create composite subject: 'CompositeSubjectFactory' object has no attribute 'moon'. This can happen with certain birth date/time/location combinations. Please verify both persons' birth data is correct. | Request body: {"first_subject":{"year":1379,"month":1,"day":1,"hour":12,"minute":0,"second":0,"longitude":50.861206,"latitude":35.734808,"timezone":"Asia/Tehran","city":"Unknown","nation":null,"name":"کاربر"},"second_subject":{"year":1379,"month":1,"day":1,"hour":12,"minute":0,"second":0,"longitude":51.196289,"latitude":35.676821,"timezone":"Asia/Tehran","city":"Unknown","nation":null,"name":"کاربر"}} - Module: app.utils.router_utils
Traceback (most recent call last):
  File "C:\Users\Lucid\Documents\GitHub\Astrologer-API\app\utils\router_utils.py", line 1031, in create_composite_chart_data
    ).get_midpoint_composite_subject_model()
      ~~~~~~~~~~~~~~~~~~~~~~~~~~~~~~~~~~~~^^
  File "C:\Users\Lucid\Documents\GitHub\Astrologer-API\venv\Lib\site-packages\kerykeion\composite_subject_factory.py", line 393, in get_midpoint_composite_subject_model
    self._calculate_composite_lunar_phase()
    ~~~~~~~~~~~~~~~~~~~~~~~~~~~~~~~~~~~~~^^
  File "C:\Users\Lucid\Documents\GitHub\Astrologer-API\venv\Lib\site-packages\kerykeion\composite_subject_factory.py", line 361, in _calculate_composite_lunar_phase
    self.lunar_phase = calculate_moon_phase(self["moon"].abs_pos, self["sun"].abs_pos)
                                            ~~~~^^^^^^^^
  File "C:\Users\Lucid\Documents\GitHub\Astrologer-API\venv\Lib\site-packages\kerykeion\composite_subject_factory.py", line 290, in __getitem__
    return getattr(self, key)
AttributeError: 'CompositeSubjectFactory' object has no attribute 'moon'

The above exception was the direct cause of the following exception:

Traceback (most recent call last):
  File "C:\Users\Lucid\Documents\GitHub\Astrologer-API\app\routers\data.py", line 288, in composite_chart_data
    chart_data = await create_composite_chart_data(request_body)
                 ^^^^^^^^^^^^^^^^^^^^^^^^^^^^^^^^^^^^^^^^^^^^^^^
  File "C:\Users\Lucid\Documents\GitHub\Astrologer-API\app\utils\router_utils.py", line 1036, in create_composite_chart_data
    raise KerykeionException(
    ...<3 lines>...
    ) from exc
kerykeion.schemas.kerykeion_exception.KerykeionException: Could not create composite subject: 'CompositeSubjectFactory' object has no attribute 'moon'. This can happen with certain birth date/time/location combinations. Please verify both persons' birth data is correct.
[2026-08-29 12:14:42] INFO:     POST /api/v5/chart-data/composite | IP: 127.0.0.1 | Origin: http://127.0.0.1:8003 | Composite chart data request - Module: app.routers.data
[2026-08-29 12:14:42] DEBUG:    Request body: {"active_points":null,"active_aspects":null,"distribution_method":"weighted","custom_distribution_weights":null,"first_subject":{"year":1379,"month":1,"day":1,"hour":12,"minute":0,"second":0,"longitude":50.861206,"latitude":35.734808,"altitude":null,"city":"Unknown","nation":"null","timezone":"Asia/Tehran","is_dst":null,"geonames_username":null,"name":"کاربر","zodiac_type":"Tropical","sidereal_mode":null,"perspective_type":"Apparent Geocentric","houses_system_identifier":"P","custom_ayanamsa_t0":null,"custom_ayanamsa_ayan_t0":null},"second_subject":{"year":1379,"month":1,"day":1,"hour":12,"minute":0,"second":0,"longitude":51.196289,"latitude":35.676821,"altitude":null,"city":"Unknown","nation":"null","timezone":"Asia/Tehran","is_dst":null,"geonames_username":null,"name":"کاربر","zodiac_type":"Tropical","sidereal_mode":null,"perspective_type":"Apparent Geocentric","houses_system_identifier":"P","custom_ayanamsa_t0":null,"custom_ayanamsa_ayan_t0":null}} - Module: app.routers.data
[2026-08-29 12:14:42] WARNING:  Could not compute Sun altitude for sect classification: calc_ut: Cannot calculate Sun (ID 0) for JD 2224729.856944 (1379-01-01): date is outside ephemeris range.
  Supported range: JD 2287184.5 to 2688976.5 (1549-12-31 to 2650-01-25)
  Ephemeris file: de440.bsp. Defaulting to diurnal (day chart). - Module: root
[2026-08-29 12:14:42] ERROR:    Error calculating Sun: calc_ut: Cannot calculate Sun (ID 0) for JD 2224729.856944 (1379-01-01): date is outside ephemeris range.
  Supported range: JD 2287184.5 to 2688976.5 (1549-12-31 to 2650-01-25)
  Ephemeris file: de440.bsp - Module: root
[2026-08-29 12:14:42] ERROR:    Error calculating Moon: calc_ut: Cannot calculate Moon (ID 1) for JD 2224729.856944 (1379-01-01): date is outside ephemeris range.
  Supported range: JD 2287184.5 to 2688976.5 (1549-12-31 to 2650-01-25)
  Ephemeris file: de440.bsp - Module: root
[2026-08-29 12:14:42] ERROR:    Error calculating Mercury: calc_ut: Cannot calculate Mercury (ID 2) for JD 2224729.856944 (1379-01-01): date is outside ephemeris range.
  Supported range: JD 2287184.5 to 2688976.5 (1549-12-31 to 2650-01-25)
  Ephemeris file: de440.bsp - Module: root
[2026-08-29 12:14:42] ERROR:    Error calculating Venus: calc_ut: Cannot calculate Venus (ID 3) for JD 2224729.856944 (1379-01-01): date is outside ephemeris range.
  Supported range: JD 2287184.5 to 2688976.5 (1549-12-31 to 2650-01-25)
  Ephemeris file: de440.bsp - Module: root
[2026-08-29 12:14:42] ERROR:    Error calculating Mars: calc_ut: Cannot calculate Mars (ID 4) for JD 2224729.856944 (1379-01-01): date is outside ephemeris range.
  Supported range: JD 2287184.5 to 2688976.5 (1549-12-31 to 2650-01-25)
  Ephemeris file: de440.bsp - Module: root
[2026-08-29 12:14:42] ERROR:    Error calculating Jupiter: calc_ut: Cannot calculate Jupiter (ID 5) for JD 2224729.856944 (1379-01-01): date is outside ephemeris range.
  Supported range: JD 2287184.5 to 2688976.5 (1549-12-31 to 2650-01-25)
  Ephemeris file: de440.bsp - Module: root
[2026-08-29 12:14:42] ERROR:    Error calculating Saturn: calc_ut: Cannot calculate Saturn (ID 6) for JD 2224729.856944 (1379-01-01): date is outside ephemeris range.
  Supported range: JD 2287184.5 to 2688976.5 (1549-12-31 to 2650-01-25)
  Ephemeris file: de440.bsp - Module: root
[2026-08-29 12:14:42] ERROR:    Error calculating Uranus: calc_ut: Cannot calculate Uranus (ID 7) for JD 2224729.856944 (1379-01-01): date is outside ephemeris range.
  Supported range: JD 2287184.5 to 2688976.5 (1549-12-31 to 2650-01-25)
  Ephemeris file: de440.bsp - Module: root
[2026-08-29 12:14:42] ERROR:    Error calculating Neptune: calc_ut: Cannot calculate Neptune (ID 8) for JD 2224729.856944 (1379-01-01): date is outside ephemeris range.
  Supported range: JD 2287184.5 to 2688976.5 (1549-12-31 to 2650-01-25)
  Ephemeris file: de440.bsp - Module: root
[2026-08-29 12:14:42] ERROR:    Error calculating Pluto: calc_ut: Cannot calculate Pluto (ID 9) for JD 2224729.856944 (1379-01-01): date is outside ephemeris range.
  Supported range: JD 2287184.5 to 2688976.5 (1549-12-31 to 2650-01-25)
  Ephemeris file: de440.bsp - Module: root
[2026-08-29 12:14:42] ERROR:    Error calculating True_North_Lunar_Node: Cannot calculate true Node (ID 11) for JD 2224729.856944 (1379-01-01): date is outside ephemeris range.
  Supported range: JD 2287184.5 to 2688976.5 (1549-12-31 to 2650-01-25)
  Ephemeris file: de440.bsp - Module: root
[2026-08-29 12:14:42] ERROR:    Error calculating Mean_Lilith: Julian day 2224729.862992409 is outside the active ephemeris range 2287184.5 to 2688976.5 - Module: root
[libephemeris] WARNING: Auto SPK coverage miss for body 15: JD 2224729.9 outside SPK coverage [2396713.5, 2506376.5] for body 15
[2026-08-29 12:14:42] ERROR:    Error calculating Chiron: Cannot calculate Chiron (ID 15) for JD 2224729.856944 (1379-01-01): date is outside ephemeris range.
  Supported range: JD 2287184.5 to 2688976.5 (1549-12-31 to 2650-01-25)
  Ephemeris file: de440.bsp - Module: root
[2026-08-29 12:14:42] WARNING:  Could not compute Sun altitude for sect classification: calc_ut: Cannot calculate Sun (ID 0) for JD 2224729.856944 (1379-01-01): date is outside ephemeris range.
  Supported range: JD 2287184.5 to 2688976.5 (1549-12-31 to 2650-01-25)
  Ephemeris file: de440.bsp. Defaulting to diurnal (day chart). - Module: root
[2026-08-29 12:14:42] ERROR:    Error calculating Sun: calc_ut: Cannot calculate Sun (ID 0) for JD 2224729.856944 (1379-01-01): date is outside ephemeris range.
  Supported range: JD 2287184.5 to 2688976.5 (1549-12-31 to 2650-01-25)
  Ephemeris file: de440.bsp - Module: root
[2026-08-29 12:14:42] ERROR:    Error calculating Moon: calc_ut: Cannot calculate Moon (ID 1) for JD 2224729.856944 (1379-01-01): date is outside ephemeris range.
  Supported range: JD 2287184.5 to 2688976.5 (1549-12-31 to 2650-01-25)
  Ephemeris file: de440.bsp - Module: root
[2026-08-29 12:14:42] ERROR:    Error calculating Mercury: calc_ut: Cannot calculate Mercury (ID 2) for JD 2224729.856944 (1379-01-01): date is outside ephemeris range.
  Supported range: JD 2287184.5 to 2688976.5 (1549-12-31 to 2650-01-25)
  Ephemeris file: de440.bsp - Module: root
[2026-08-29 12:14:42] ERROR:    Error calculating Venus: calc_ut: Cannot calculate Venus (ID 3) for JD 2224729.856944 (1379-01-01): date is outside ephemeris range.
  Supported range: JD 2287184.5 to 2688976.5 (1549-12-31 to 2650-01-25)
  Ephemeris file: de440.bsp - Module: root
[2026-08-29 12:14:42] ERROR:    Error calculating Mars: calc_ut: Cannot calculate Mars (ID 4) for JD 2224729.856944 (1379-01-01): date is outside ephemeris range.
  Supported range: JD 2287184.5 to 2688976.5 (1549-12-31 to 2650-01-25)
  Ephemeris file: de440.bsp - Module: root
[2026-08-29 12:14:42] ERROR:    Error calculating Jupiter: calc_ut: Cannot calculate Jupiter (ID 5) for JD 2224729.856944 (1379-01-01): date is outside ephemeris range.
  Supported range: JD 2287184.5 to 2688976.5 (1549-12-31 to 2650-01-25)
  Ephemeris file: de440.bsp - Module: root
[2026-08-29 12:14:42] ERROR:    Error calculating Saturn: calc_ut: Cannot calculate Saturn (ID 6) for JD 2224729.856944 (1379-01-01): date is outside ephemeris range.
  Supported range: JD 2287184.5 to 2688976.5 (1549-12-31 to 2650-01-25)
  Ephemeris file: de440.bsp - Module: root
[2026-08-29 12:14:42] ERROR:    Error calculating Uranus: calc_ut: Cannot calculate Uranus (ID 7) for JD 2224729.856944 (1379-01-01): date is outside ephemeris range.
  Supported range: JD 2287184.5 to 2688976.5 (1549-12-31 to 2650-01-25)
  Ephemeris file: de440.bsp - Module: root
[2026-08-29 12:14:42] ERROR:    Error calculating Neptune: calc_ut: Cannot calculate Neptune (ID 8) for JD 2224729.856944 (1379-01-01): date is outside ephemeris range.
  Supported range: JD 2287184.5 to 2688976.5 (1549-12-31 to 2650-01-25)
  Ephemeris file: de440.bsp - Module: root
[2026-08-29 12:14:42] ERROR:    Error calculating Pluto: calc_ut: Cannot calculate Pluto (ID 9) for JD 2224729.856944 (1379-01-01): date is outside ephemeris range.
  Supported range: JD 2287184.5 to 2688976.5 (1549-12-31 to 2650-01-25)
  Ephemeris file: de440.bsp - Module: root
[2026-08-29 12:14:42] ERROR:    Error calculating True_North_Lunar_Node: Cannot calculate true Node (ID 11) for JD 2224729.856944 (1379-01-01): date is outside ephemeris range.
  Supported range: JD 2287184.5 to 2688976.5 (1549-12-31 to 2650-01-25)
  Ephemeris file: de440.bsp - Module: root
[2026-08-29 12:14:42] ERROR:    Error calculating Mean_Lilith: Julian day 2224729.862992409 is outside the active ephemeris range 2287184.5 to 2688976.5 - Module: root
[libephemeris] WARNING: Auto SPK coverage miss for body 15: JD 2224729.9 outside SPK coverage [2396713.5, 2506376.5] for body 15
[2026-08-29 12:14:42] ERROR:    Error calculating Chiron: Cannot calculate Chiron (ID 15) for JD 2224729.856944 (1379-01-01): date is outside ephemeris range.
  Supported range: JD 2287184.5 to 2688976.5 (1549-12-31 to 2650-01-25)
  Ephemeris file: de440.bsp - Module: root
[2026-08-29 12:14:42] WARNING:  Composite subject creation failed ('CompositeSubjectFactory' object has no attribute 'moon'). - Module: app.utils.router_utils
[2026-08-29 12:14:42] ERROR:    http://127.0.0.1:8003/api/v5/chart-data/composite: Could not create composite subject: 'CompositeSubjectFactory' object has no attribute 'moon'. This can happen with certain birth date/time/location combinations. Please verify both persons' birth data is correct. | Request body: {"first_subject":{"year":1379,"month":1,"day":1,"hour":12,"minute":0,"second":0,"longitude":50.861206,"latitude":35.734808,"timezone":"Asia/Tehran","city":"Unknown","nation":null,"name":"کاربر"},"second_subject":{"year":1379,"month":1,"day":1,"hour":12,"minute":0,"second":0,"longitude":51.196289,"latitude":35.676821,"timezone":"Asia/Tehran","city":"Unknown","nation":null,"name":"کاربر"}} - Module: app.utils.router_utils
Traceback (most recent call last):
  File "C:\Users\Lucid\Documents\GitHub\Astrologer-API\app\utils\router_utils.py", line 1031, in create_composite_chart_data
    ).get_midpoint_composite_subject_model()
      ~~~~~~~~~~~~~~~~~~~~~~~~~~~~~~~~~~~~^^
  File "C:\Users\Lucid\Documents\GitHub\Astrologer-API\venv\Lib\site-packages\kerykeion\composite_subject_factory.py", line 393, in get_midpoint_composite_subject_model
    self._calculate_composite_lunar_phase()
    ~~~~~~~~~~~~~~~~~~~~~~~~~~~~~~~~~~~~~^^
  File "C:\Users\Lucid\Documents\GitHub\Astrologer-API\venv\Lib\site-packages\kerykeion\composite_subject_factory.py", line 361, in _calculate_composite_lunar_phase
    self.lunar_phase = calculate_moon_phase(self["moon"].abs_pos, self["sun"].abs_pos)
                                            ~~~~^^^^^^^^
  File "C:\Users\Lucid\Documents\GitHub\Astrologer-API\venv\Lib\site-packages\kerykeion\composite_subject_factory.py", line 290, in __getitem__
    return getattr(self, key)
AttributeError: 'CompositeSubjectFactory' object has no attribute 'moon'

The above exception was the direct cause of the following exception:

Traceback (most recent call last):
  File "C:\Users\Lucid\Documents\GitHub\Astrologer-API\app\routers\data.py", line 288, in composite_chart_data
    chart_data = await create_composite_chart_data(request_body)
                 ^^^^^^^^^^^^^^^^^^^^^^^^^^^^^^^^^^^^^^^^^^^^^^^
  File "C:\Users\Lucid\Documents\GitHub\Astrologer-API\app\utils\router_utils.py", line 1036, in create_composite_chart_data
    raise KerykeionException(
    ...<3 lines>...
    ) from exc
kerykeion.schemas.kerykeion_exception.KerykeionException: Could not create composite subject: 'CompositeSubjectFactory' object has no attribute 'moon'. This can happen with certain birth date/time/location combinations. Please verify both persons' birth data is correct.
[2026-08-29 12:14:47] INFO:     POST /api/v5/chart-data/birth-chart | IP: 127.0.0.1 | Origin: http://127.0.0.1:8003 | Natal chart data request - Module: app.routers.data
[2026-08-29 12:14:47] DEBUG:    Request body: {"active_points":null,"active_aspects":null,"distribution_method":"weighted","custom_distribution_weights":null,"subject":{"year":1379,"month":1,"day":1,"hour":12,"minute":0,"second":0,"longitude":50.861206,"latitude":35.734808,"altitude":null,"city":"Unknown","nation":"null","timezone":"Asia/Tehran","is_dst":null,"geonames_username":null,"name":"کاربر","zodiac_type":"Tropical","sidereal_mode":null,"perspective_type":"Apparent Geocentric","houses_system_identifier":"P","custom_ayanamsa_t0":null,"custom_ayanamsa_ayan_t0":null}} - Module: app.routers.data
[2026-08-29 12:14:47] WARNING:  Could not compute Sun altitude for sect classification: calc_ut: Cannot calculate Sun (ID 0) for JD 2224729.856944 (1379-01-01): date is outside ephemeris range.
  Supported range: JD 2287184.5 to 2688976.5 (1549-12-31 to 2650-01-25)
  Ephemeris file: de440.bsp. Defaulting to diurnal (day chart). - Module: root
[2026-08-29 12:14:47] ERROR:    Error calculating Sun: calc_ut: Cannot calculate Sun (ID 0) for JD 2224729.856944 (1379-01-01): date is outside ephemeris range.
  Supported range: JD 2287184.5 to 2688976.5 (1549-12-31 to 2650-01-25)
  Ephemeris file: de440.bsp - Module: root
[2026-08-29 12:14:47] ERROR:    Error calculating Moon: calc_ut: Cannot calculate Moon (ID 1) for JD 2224729.856944 (1379-01-01): date is outside ephemeris range.
  Supported range: JD 2287184.5 to 2688976.5 (1549-12-31 to 2650-01-25)
  Ephemeris file: de440.bsp - Module: root
[2026-08-29 12:14:47] ERROR:    Error calculating Mercury: calc_ut: Cannot calculate Mercury (ID 2) for JD 2224729.856944 (1379-01-01): date is outside ephemeris range.
  Supported range: JD 2287184.5 to 2688976.5 (1549-12-31 to 2650-01-25)
  Ephemeris file: de440.bsp - Module: root
[2026-08-29 12:14:47] ERROR:    Error calculating Venus: calc_ut: Cannot calculate Venus (ID 3) for JD 2224729.856944 (1379-01-01): date is outside ephemeris range.
  Supported range: JD 2287184.5 to 2688976.5 (1549-12-31 to 2650-01-25)
  Ephemeris file: de440.bsp - Module: root
[2026-08-29 12:14:47] ERROR:    Error calculating Mars: calc_ut: Cannot calculate Mars (ID 4) for JD 2224729.856944 (1379-01-01): date is outside ephemeris range.
  Supported range: JD 2287184.5 to 2688976.5 (1549-12-31 to 2650-01-25)
  Ephemeris file: de440.bsp - Module: root
[2026-08-29 12:14:47] ERROR:    Error calculating Jupiter: calc_ut: Cannot calculate Jupiter (ID 5) for JD 2224729.856944 (1379-01-01): date is outside ephemeris range.
  Supported range: JD 2287184.5 to 2688976.5 (1549-12-31 to 2650-01-25)
  Ephemeris file: de440.bsp - Module: root
[2026-08-29 12:14:47] ERROR:    Error calculating Saturn: calc_ut: Cannot calculate Saturn (ID 6) for JD 2224729.856944 (1379-01-01): date is outside ephemeris range.
  Supported range: JD 2287184.5 to 2688976.5 (1549-12-31 to 2650-01-25)
  Ephemeris file: de440.bsp - Module: root
[2026-08-29 12:14:47] ERROR:    Error calculating Uranus: calc_ut: Cannot calculate Uranus (ID 7) for JD 2224729.856944 (1379-01-01): date is outside ephemeris range.
  Supported range: JD 2287184.5 to 2688976.5 (1549-12-31 to 2650-01-25)
  Ephemeris file: de440.bsp - Module: root
[2026-08-29 12:14:47] ERROR:    Error calculating Neptune: calc_ut: Cannot calculate Neptune (ID 8) for JD 2224729.856944 (1379-01-01): date is outside ephemeris range.
  Supported range: JD 2287184.5 to 2688976.5 (1549-12-31 to 2650-01-25)
  Ephemeris file: de440.bsp - Module: root
[2026-08-29 12:14:47] ERROR:    Error calculating Pluto: calc_ut: Cannot calculate Pluto (ID 9) for JD 2224729.856944 (1379-01-01): date is outside ephemeris range.
  Supported range: JD 2287184.5 to 2688976.5 (1549-12-31 to 2650-01-25)
  Ephemeris file: de440.bsp - Module: root
[2026-08-29 12:14:47] ERROR:    Error calculating True_North_Lunar_Node: Cannot calculate true Node (ID 11) for JD 2224729.856944 (1379-01-01): date is outside ephemeris range.
  Supported range: JD 2287184.5 to 2688976.5 (1549-12-31 to 2650-01-25)
  Ephemeris file: de440.bsp - Module: root
[2026-08-29 12:14:47] ERROR:    Error calculating Mean_Lilith: Julian day 2224729.862992409 is outside the active ephemeris range 2287184.5 to 2688976.5 - Module: root
[libephemeris] WARNING: Auto SPK coverage miss for body 15: JD 2224729.9 outside SPK coverage [2396713.5, 2506376.5] for body 15
[2026-08-29 12:14:47] ERROR:    Error calculating Chiron: Cannot calculate Chiron (ID 15) for JD 2224729.856944 (1379-01-01): date is outside ephemeris range.
  Supported range: JD 2287184.5 to 2688976.5 (1549-12-31 to 2650-01-25)
  Ephemeris file: de440.bsp - Module: root
[2026-08-29 12:14:47] DEBUG:    Calculating relevant aspects by filtering orbs... - Module: root
[2026-08-29 12:14:47] INFO:     POST /api/v5/context/birth-chart | IP: 127.0.0.1 | Origin: http://127.0.0.1:8003 | درخواست context چارت تولد - Module: app.routers.context
[2026-08-29 12:14:47] DEBUG:    Request body: {"active_points":null,"active_aspects":null,"distribution_method":"weighted","custom_distribution_weights":null,"subject":{"year":1379,"month":1,"day":1,"hour":12,"minute":0,"second":0,"longitude":50.861206,"latitude":35.734808,"altitude":null,"city":"Unknown","nation":"null","timezone":"Asia/Tehran","is_dst":null,"geonames_username":null,"name":"کاربر","zodiac_type":"Tropical","sidereal_mode":null,"perspective_type":"Apparent Geocentric","houses_system_identifier":"P","custom_ayanamsa_t0":null,"custom_ayanamsa_ayan_t0":null}} - Module: app.routers.context
[2026-08-29 12:14:47] WARNING:  Could not compute Sun altitude for sect classification: calc_ut: Cannot calculate Sun (ID 0) for JD 2224729.856944 (1379-01-01): date is outside ephemeris range.
  Supported range: JD 2287184.5 to 2688976.5 (1549-12-31 to 2650-01-25)
  Ephemeris file: de440.bsp. Defaulting to diurnal (day chart). - Module: root
[2026-08-29 12:14:47] ERROR:    Error calculating Sun: calc_ut: Cannot calculate Sun (ID 0) for JD 2224729.856944 (1379-01-01): date is outside ephemeris range.
  Supported range: JD 2287184.5 to 2688976.5 (1549-12-31 to 2650-01-25)
  Ephemeris file: de440.bsp - Module: root
[2026-08-29 12:14:47] ERROR:    Error calculating Moon: calc_ut: Cannot calculate Moon (ID 1) for JD 2224729.856944 (1379-01-01): date is outside ephemeris range.
  Supported range: JD 2287184.5 to 2688976.5 (1549-12-31 to 2650-01-25)
  Ephemeris file: de440.bsp - Module: root
[2026-08-29 12:14:47] ERROR:    Error calculating Mercury: calc_ut: Cannot calculate Mercury (ID 2) for JD 2224729.856944 (1379-01-01): date is outside ephemeris range.
  Supported range: JD 2287184.5 to 2688976.5 (1549-12-31 to 2650-01-25)
  Ephemeris file: de440.bsp - Module: root
[2026-08-29 12:14:47] ERROR:    Error calculating Venus: calc_ut: Cannot calculate Venus (ID 3) for JD 2224729.856944 (1379-01-01): date is outside ephemeris range.
  Supported range: JD 2287184.5 to 2688976.5 (1549-12-31 to 2650-01-25)
  Ephemeris file: de440.bsp - Module: root
[2026-08-29 12:14:47] ERROR:    Error calculating Mars: calc_ut: Cannot calculate Mars (ID 4) for JD 2224729.856944 (1379-01-01): date is outside ephemeris range.
  Supported range: JD 2287184.5 to 2688976.5 (1549-12-31 to 2650-01-25)
  Ephemeris file: de440.bsp - Module: root
[2026-08-29 12:14:47] ERROR:    Error calculating Jupiter: calc_ut: Cannot calculate Jupiter (ID 5) for JD 2224729.856944 (1379-01-01): date is outside ephemeris range.
  Supported range: JD 2287184.5 to 2688976.5 (1549-12-31 to 2650-01-25)
  Ephemeris file: de440.bsp - Module: root
[2026-08-29 12:14:47] ERROR:    Error calculating Saturn: calc_ut: Cannot calculate Saturn (ID 6) for JD 2224729.856944 (1379-01-01): date is outside ephemeris range.
  Supported range: JD 2287184.5 to 2688976.5 (1549-12-31 to 2650-01-25)
  Ephemeris file: de440.bsp - Module: root
[2026-08-29 12:14:47] ERROR:    Error calculating Uranus: calc_ut: Cannot calculate Uranus (ID 7) for JD 2224729.856944 (1379-01-01): date is outside ephemeris range.
  Supported range: JD 2287184.5 to 2688976.5 (1549-12-31 to 2650-01-25)
  Ephemeris file: de440.bsp - Module: root
[2026-08-29 12:14:47] ERROR:    Error calculating Neptune: calc_ut: Cannot calculate Neptune (ID 8) for JD 2224729.856944 (1379-01-01): date is outside ephemeris range.
  Supported range: JD 2287184.5 to 2688976.5 (1549-12-31 to 2650-01-25)
  Ephemeris file: de440.bsp - Module: root
[2026-08-29 12:14:47] ERROR:    Error calculating Pluto: calc_ut: Cannot calculate Pluto (ID 9) for JD 2224729.856944 (1379-01-01): date is outside ephemeris range.
  Supported range: JD 2287184.5 to 2688976.5 (1549-12-31 to 2650-01-25)
  Ephemeris file: de440.bsp - Module: root
[2026-08-29 12:14:47] ERROR:    Error calculating True_North_Lunar_Node: Cannot calculate true Node (ID 11) for JD 2224729.856944 (1379-01-01): date is outside ephemeris range.
  Supported range: JD 2287184.5 to 2688976.5 (1549-12-31 to 2650-01-25)
  Ephemeris file: de440.bsp - Module: root
[2026-08-29 12:14:47] ERROR:    Error calculating Mean_Lilith: Julian day 2224729.862992409 is outside the active ephemeris range 2287184.5 to 2688976.5 - Module: root
[libephemeris] WARNING: Auto SPK coverage miss for body 15: JD 2224729.9 outside SPK coverage [2396713.5, 2506376.5] for body 15
[2026-08-29 12:14:47] ERROR:    Error calculating Chiron: Cannot calculate Chiron (ID 15) for JD 2224729.856944 (1379-01-01): date is outside ephemeris range.
  Supported range: JD 2287184.5 to 2688976.5 (1549-12-31 to 2650-01-25)
  Ephemeris file: de440.bsp - Module: root
[2026-08-29 12:14:47] DEBUG:    Calculating relevant aspects by filtering orbs... - Module: root
[2026-08-29 12:14:47] WARNING:  Could not compute Sun altitude for sect classification: calc_ut: Cannot calculate Sun (ID 0) for JD 2224729.856944 (1379-01-01): date is outside ephemeris range.
  Supported range: JD 2287184.5 to 2688976.5 (1549-12-31 to 2650-01-25)
  Ephemeris file: de440.bsp. Defaulting to diurnal (day chart). - Module: root
[2026-08-29 12:14:47] ERROR:    Error calculating Sun: calc_ut: Cannot calculate Sun (ID 0) for JD 2224729.856944 (1379-01-01): date is outside ephemeris range.
  Supported range: JD 2287184.5 to 2688976.5 (1549-12-31 to 2650-01-25)
  Ephemeris file: de440.bsp - Module: root
[2026-08-29 12:14:47] ERROR:    Error calculating Moon: calc_ut: Cannot calculate Moon (ID 1) for JD 2224729.856944 (1379-01-01): date is outside ephemeris range.
  Supported range: JD 2287184.5 to 2688976.5 (1549-12-31 to 2650-01-25)
  Ephemeris file: de440.bsp - Module: root
[2026-08-29 12:14:47] ERROR:    Error calculating Mercury: calc_ut: Cannot calculate Mercury (ID 2) for JD 2224729.856944 (1379-01-01): date is outside ephemeris range.
  Supported range: JD 2287184.5 to 2688976.5 (1549-12-31 to 2650-01-25)
  Ephemeris file: de440.bsp - Module: root
[2026-08-29 12:14:47] ERROR:    Error calculating Venus: calc_ut: Cannot calculate Venus (ID 3) for JD 2224729.856944 (1379-01-01): date is outside ephemeris range.
  Supported range: JD 2287184.5 to 2688976.5 (1549-12-31 to 2650-01-25)
  Ephemeris file: de440.bsp - Module: root
[2026-08-29 12:14:47] ERROR:    Error calculating Mars: calc_ut: Cannot calculate Mars (ID 4) for JD 2224729.856944 (1379-01-01): date is outside ephemeris range.
  Supported range: JD 2287184.5 to 2688976.5 (1549-12-31 to 2650-01-25)
  Ephemeris file: de440.bsp - Module: root
[2026-08-29 12:14:47] ERROR:    Error calculating Jupiter: calc_ut: Cannot calculate Jupiter (ID 5) for JD 2224729.856944 (1379-01-01): date is outside ephemeris range.
  Supported range: JD 2287184.5 to 2688976.5 (1549-12-31 to 2650-01-25)
  Ephemeris file: de440.bsp - Module: root
[2026-08-29 12:14:47] ERROR:    Error calculating Saturn: calc_ut: Cannot calculate Saturn (ID 6) for JD 2224729.856944 (1379-01-01): date is outside ephemeris range.
  Supported range: JD 2287184.5 to 2688976.5 (1549-12-31 to 2650-01-25)
  Ephemeris file: de440.bsp - Module: root
[2026-08-29 12:14:47] ERROR:    Error calculating Uranus: calc_ut: Cannot calculate Uranus (ID 7) for JD 2224729.856944 (1379-01-01): date is outside ephemeris range.
  Supported range: JD 2287184.5 to 2688976.5 (1549-12-31 to 2650-01-25)
  Ephemeris file: de440.bsp - Module: root
[2026-08-29 12:14:47] ERROR:    Error calculating Neptune: calc_ut: Cannot calculate Neptune (ID 8) for JD 2224729.856944 (1379-01-01): date is outside ephemeris range.
  Supported range: JD 2287184.5 to 2688976.5 (1549-12-31 to 2650-01-25)
  Ephemeris file: de440.bsp - Module: root
[2026-08-29 12:14:47] ERROR:    Error calculating Pluto: calc_ut: Cannot calculate Pluto (ID 9) for JD 2224729.856944 (1379-01-01): date is outside ephemeris range.
  Supported range: JD 2287184.5 to 2688976.5 (1549-12-31 to 2650-01-25)
  Ephemeris file: de440.bsp - Module: root
[2026-08-29 12:14:47] ERROR:    Error calculating True_North_Lunar_Node: Cannot calculate true Node (ID 11) for JD 2224729.856944 (1379-01-01): date is outside ephemeris range.
  Supported range: JD 2287184.5 to 2688976.5 (1549-12-31 to 2650-01-25)
  Ephemeris file: de440.bsp - Module: root
[2026-08-29 12:14:47] ERROR:    Error calculating Mean_Lilith: Julian day 2224729.862992409 is outside the active ephemeris range 2287184.5 to 2688976.5 - Module: root
[libephemeris] WARNING: Auto SPK coverage miss for body 15: JD 2224729.9 outside SPK coverage [2396713.5, 2506376.5] for body 15
[2026-08-29 12:14:47] ERROR:    Error calculating Chiron: Cannot calculate Chiron (ID 15) for JD 2224729.856944 (1379-01-01): date is outside ephemeris range.
  Supported range: JD 2287184.5 to 2688976.5 (1549-12-31 to 2650-01-25)
  Ephemeris file: de440.bsp - Module: root
[2026-08-29 12:14:47] DEBUG:    Calculating relevant aspects by filtering orbs... - Module: root
[2026-08-29 12:14:47] DEBUG:    Planet index: 0, degree: 15.896338585530689 - Module: root
[2026-08-29 12:14:47] DEBUG:    Planet index: 3, degree: 99.27354101476931 - Module: root
[2026-08-29 12:14:47] DEBUG:    Planet index: 2, degree: 195.89633858553069 - Module: root
[2026-08-29 12:14:47] DEBUG:    Planet index: 1, degree: 279.2735410147693 - Module: root
[2026-08-29 12:14:47] DEBUG:    Asc, distance_to_prev: 96.6227975707614, distance_to_next: 83.37720242923862 - Module: root
[2026-08-29 12:14:47] DEBUG:    Ic, distance_to_prev: 83.37720242923862, distance_to_next: 96.62279757076138 - Module: root
[2026-08-29 12:14:47] DEBUG:    Dsc, distance_to_prev: 96.62279757076138, distance_to_next: 83.37720242923862 - Module: root
[2026-08-29 12:14:47] DEBUG:    Mc, distance_to_prev: 83.37720242923862, distance_to_next: 96.6227975707614 - Module: root
[2026-08-29 12:14:47] DEBUG:    Template dictionary includes 139 fields - Module: kerykeion.charts.chart_drawer
[2026-08-29 12:14:47] WARNING:  scour failed on SVG minification, falling back to string-based minification: could not convert string to float: 'var(--kerykeion-modern-zodiac-bg-opacity, 0.5)' - Module: root
[2026-08-29 12:14:55] INFO:     POST /api/v5/chart-data/synastry | IP: 127.0.0.1 | Origin: http://127.0.0.1:8003 | Synastry chart data request - Module: app.routers.data
[2026-08-29 12:14:55] DEBUG:    Request body: {"active_points":null,"active_aspects":null,"distribution_method":"weighted","custom_distribution_weights":null,"first_subject":{"year":1379,"month":1,"day":1,"hour":12,"minute":0,"second":0,"longitude":51.389,"latitude":35.6892,"altitude":null,"city":"Unknown","nation":"null","timezone":"Asia/Tehran","is_dst":null,"geonames_username":null,"name":"کاربر","zodiac_type":"Tropical","sidereal_mode":null,"perspective_type":"Apparent Geocentric","houses_system_identifier":"P","custom_ayanamsa_t0":null,"custom_ayanamsa_ayan_t0":null},"second_subject":{"year":1379,"month":1,"day":1,"hour":12,"minute":0,"second":0,"longitude":51.389,"latitude":35.6892,"altitude":null,"city":"Unknown","nation":"null","timezone":"Asia/Tehran","is_dst":null,"geonames_username":null,"name":"کاربر","zodiac_type":"Tropical","sidereal_mode":null,"perspective_type":"Apparent Geocentric","houses_system_identifier":"P","custom_ayanamsa_t0":null,"custom_ayanamsa_ayan_t0":null},"include_house_comparison":true,"include_relationship_score":true} - Module: app.routers.data
[2026-08-29 12:14:56] WARNING:  Could not compute Sun altitude for sect classification: calc_ut: Cannot calculate Sun (ID 0) for JD 2224729.856944 (1379-01-01): date is outside ephemeris range.
  Supported range: JD 2287184.5 to 2688976.5 (1549-12-31 to 2650-01-25)
  Ephemeris file: de440.bsp. Defaulting to diurnal (day chart). - Module: root
[2026-08-29 12:14:56] ERROR:    Error calculating Sun: calc_ut: Cannot calculate Sun (ID 0) for JD 2224729.856944 (1379-01-01): date is outside ephemeris range.
  Supported range: JD 2287184.5 to 2688976.5 (1549-12-31 to 2650-01-25)
  Ephemeris file: de440.bsp - Module: root
[2026-08-29 12:14:56] ERROR:    Error calculating Moon: calc_ut: Cannot calculate Moon (ID 1) for JD 2224729.856944 (1379-01-01): date is outside ephemeris range.
  Supported range: JD 2287184.5 to 2688976.5 (1549-12-31 to 2650-01-25)
  Ephemeris file: de440.bsp - Module: root
[2026-08-29 12:14:56] ERROR:    Error calculating Mercury: calc_ut: Cannot calculate Mercury (ID 2) for JD 2224729.856944 (1379-01-01): date is outside ephemeris range.
  Supported range: JD 2287184.5 to 2688976.5 (1549-12-31 to 2650-01-25)
  Ephemeris file: de440.bsp - Module: root
[2026-08-29 12:14:56] ERROR:    Error calculating Venus: calc_ut: Cannot calculate Venus (ID 3) for JD 2224729.856944 (1379-01-01): date is outside ephemeris range.
  Supported range: JD 2287184.5 to 2688976.5 (1549-12-31 to 2650-01-25)
  Ephemeris file: de440.bsp - Module: root
[2026-08-29 12:14:56] ERROR:    Error calculating Mars: calc_ut: Cannot calculate Mars (ID 4) for JD 2224729.856944 (1379-01-01): date is outside ephemeris range.
  Supported range: JD 2287184.5 to 2688976.5 (1549-12-31 to 2650-01-25)
  Ephemeris file: de440.bsp - Module: root
[2026-08-29 12:14:56] ERROR:    Error calculating Jupiter: calc_ut: Cannot calculate Jupiter (ID 5) for JD 2224729.856944 (1379-01-01): date is outside ephemeris range.
  Supported range: JD 2287184.5 to 2688976.5 (1549-12-31 to 2650-01-25)
  Ephemeris file: de440.bsp - Module: root
[2026-08-29 12:14:56] ERROR:    Error calculating Saturn: calc_ut: Cannot calculate Saturn (ID 6) for JD 2224729.856944 (1379-01-01): date is outside ephemeris range.
  Supported range: JD 2287184.5 to 2688976.5 (1549-12-31 to 2650-01-25)
  Ephemeris file: de440.bsp - Module: root
[2026-08-29 12:14:56] ERROR:    Error calculating Uranus: calc_ut: Cannot calculate Uranus (ID 7) for JD 2224729.856944 (1379-01-01): date is outside ephemeris range.
  Supported range: JD 2287184.5 to 2688976.5 (1549-12-31 to 2650-01-25)
  Ephemeris file: de440.bsp - Module: root
[2026-08-29 12:14:56] ERROR:    Error calculating Neptune: calc_ut: Cannot calculate Neptune (ID 8) for JD 2224729.856944 (1379-01-01): date is outside ephemeris range.
  Supported range: JD 2287184.5 to 2688976.5 (1549-12-31 to 2650-01-25)
  Ephemeris file: de440.bsp - Module: root
[2026-08-29 12:14:56] ERROR:    Error calculating Pluto: calc_ut: Cannot calculate Pluto (ID 9) for JD 2224729.856944 (1379-01-01): date is outside ephemeris range.
  Supported range: JD 2287184.5 to 2688976.5 (1549-12-31 to 2650-01-25)
  Ephemeris file: de440.bsp - Module: root
[2026-08-29 12:14:56] ERROR:    Error calculating True_North_Lunar_Node: Cannot calculate true Node (ID 11) for JD 2224729.856944 (1379-01-01): date is outside ephemeris range.
  Supported range: JD 2287184.5 to 2688976.5 (1549-12-31 to 2650-01-25)
  Ephemeris file: de440.bsp - Module: root
[2026-08-29 12:14:56] ERROR:    Error calculating Mean_Lilith: Julian day 2224729.862992409 is outside the active ephemeris range 2287184.5 to 2688976.5 - Module: root
[libephemeris] WARNING: Auto SPK coverage miss for body 15: JD 2224729.9 outside SPK coverage [2396713.5, 2506376.5] for body 15
[2026-08-29 12:14:56] ERROR:    Error calculating Chiron: Cannot calculate Chiron (ID 15) for JD 2224729.856944 (1379-01-01): date is outside ephemeris range.
  Supported range: JD 2287184.5 to 2688976.5 (1549-12-31 to 2650-01-25)
  Ephemeris file: de440.bsp - Module: root
[2026-08-29 12:14:56] WARNING:  Could not compute Sun altitude for sect classification: calc_ut: Cannot calculate Sun (ID 0) for JD 2224729.856944 (1379-01-01): date is outside ephemeris range.
  Supported range: JD 2287184.5 to 2688976.5 (1549-12-31 to 2650-01-25)
  Ephemeris file: de440.bsp. Defaulting to diurnal (day chart). - Module: root
[2026-08-29 12:14:56] ERROR:    Error calculating Sun: calc_ut: Cannot calculate Sun (ID 0) for JD 2224729.856944 (1379-01-01): date is outside ephemeris range.
  Supported range: JD 2287184.5 to 2688976.5 (1549-12-31 to 2650-01-25)
  Ephemeris file: de440.bsp - Module: root
[2026-08-29 12:14:56] ERROR:    Error calculating Moon: calc_ut: Cannot calculate Moon (ID 1) for JD 2224729.856944 (1379-01-01): date is outside ephemeris range.
  Supported range: JD 2287184.5 to 2688976.5 (1549-12-31 to 2650-01-25)
  Ephemeris file: de440.bsp - Module: root
[2026-08-29 12:14:56] ERROR:    Error calculating Mercury: calc_ut: Cannot calculate Mercury (ID 2) for JD 2224729.856944 (1379-01-01): date is outside ephemeris range.
  Supported range: JD 2287184.5 to 2688976.5 (1549-12-31 to 2650-01-25)
  Ephemeris file: de440.bsp - Module: root
[2026-08-29 12:14:56] ERROR:    Error calculating Venus: calc_ut: Cannot calculate Venus (ID 3) for JD 2224729.856944 (1379-01-01): date is outside ephemeris range.
  Supported range: JD 2287184.5 to 2688976.5 (1549-12-31 to 2650-01-25)
  Ephemeris file: de440.bsp - Module: root
[2026-08-29 12:14:56] ERROR:    Error calculating Mars: calc_ut: Cannot calculate Mars (ID 4) for JD 2224729.856944 (1379-01-01): date is outside ephemeris range.
  Supported range: JD 2287184.5 to 2688976.5 (1549-12-31 to 2650-01-25)
  Ephemeris file: de440.bsp - Module: root
[2026-08-29 12:14:56] ERROR:    Error calculating Jupiter: calc_ut: Cannot calculate Jupiter (ID 5) for JD 2224729.856944 (1379-01-01): date is outside ephemeris range.
  Supported range: JD 2287184.5 to 2688976.5 (1549-12-31 to 2650-01-25)
  Ephemeris file: de440.bsp - Module: root
[2026-08-29 12:14:56] ERROR:    Error calculating Saturn: calc_ut: Cannot calculate Saturn (ID 6) for JD 2224729.856944 (1379-01-01): date is outside ephemeris range.
  Supported range: JD 2287184.5 to 2688976.5 (1549-12-31 to 2650-01-25)
  Ephemeris file: de440.bsp - Module: root
[2026-08-29 12:14:56] ERROR:    Error calculating Uranus: calc_ut: Cannot calculate Uranus (ID 7) for JD 2224729.856944 (1379-01-01): date is outside ephemeris range.
  Supported range: JD 2287184.5 to 2688976.5 (1549-12-31 to 2650-01-25)
  Ephemeris file: de440.bsp - Module: root
[2026-08-29 12:14:56] ERROR:    Error calculating Neptune: calc_ut: Cannot calculate Neptune (ID 8) for JD 2224729.856944 (1379-01-01): date is outside ephemeris range.
  Supported range: JD 2287184.5 to 2688976.5 (1549-12-31 to 2650-01-25)
  Ephemeris file: de440.bsp - Module: root
[2026-08-29 12:14:56] ERROR:    Error calculating Pluto: calc_ut: Cannot calculate Pluto (ID 9) for JD 2224729.856944 (1379-01-01): date is outside ephemeris range.
  Supported range: JD 2287184.5 to 2688976.5 (1549-12-31 to 2650-01-25)
  Ephemeris file: de440.bsp - Module: root
[2026-08-29 12:14:56] ERROR:    Error calculating True_North_Lunar_Node: Cannot calculate true Node (ID 11) for JD 2224729.856944 (1379-01-01): date is outside ephemeris range.
  Supported range: JD 2287184.5 to 2688976.5 (1549-12-31 to 2650-01-25)
  Ephemeris file: de440.bsp - Module: root
[2026-08-29 12:14:56] ERROR:    Error calculating Mean_Lilith: Julian day 2224729.862992409 is outside the active ephemeris range 2287184.5 to 2688976.5 - Module: root
[libephemeris] WARNING: Auto SPK coverage miss for body 15: JD 2224729.9 outside SPK coverage [2396713.5, 2506376.5] for body 15
[2026-08-29 12:14:56] ERROR:    Error calculating Chiron: Cannot calculate Chiron (ID 15) for JD 2224729.856944 (1379-01-01): date is outside ephemeris range.
  Supported range: JD 2287184.5 to 2688976.5 (1549-12-31 to 2650-01-25)
  Ephemeris file: de440.bsp - Module: root
[2026-08-29 12:14:56] DEBUG:    Calculating relevant aspects by filtering orbs... - Module: root
[2026-08-29 12:14:56] DEBUG:    Calculating relevant aspects by filtering orbs... - Module: root
[2026-08-29 12:14:56] WARNING:  Synastry relationship scoring failed ('NoneType' object is not subscriptable), retrying without it. - Module: app.utils.router_utils
[2026-08-29 12:14:56] DEBUG:    Calculating relevant aspects by filtering orbs... - Module: root
[2026-08-29 12:59:48] DEBUG:    connect_tcp.started host='api.nasa.gov' port=443 local_address=None timeout=20.0 socket_options=None - Module: httpcore.connection
[2026-08-29 12:59:48] DEBUG:    connect_tcp.complete return_value=<httpcore._backends.anyio.AnyIOStream object at 0x00000249499A4830> - Module: httpcore.connection
[2026-08-29 12:59:48] DEBUG:    start_tls.started ssl_context=<ssl.SSLContext object at 0x00000249487F3E20> server_hostname='api.nasa.gov' timeout=20.0 - Module: httpcore.connection
[2026-08-29 12:59:48] DEBUG:    start_tls.complete return_value=<httpcore._backends.anyio.AnyIOStream object at 0x00000249499A4D70> - Module: httpcore.connection
[2026-08-29 12:59:49] DEBUG:    send_request_headers.started request=<Request [b'GET']> - Module: httpcore.http11
[2026-08-29 12:59:49] DEBUG:    send_request_headers.complete - Module: httpcore.http11
[2026-08-29 12:59:49] DEBUG:    send_request_body.started request=<Request [b'GET']> - Module: httpcore.http11
[2026-08-29 12:59:49] DEBUG:    send_request_body.complete - Module: httpcore.http11
[2026-08-29 12:59:49] DEBUG:    receive_response_headers.started request=<Request [b'GET']> - Module: httpcore.http11
[2026-08-29 12:59:50] DEBUG:    receive_response_headers.complete return_value=(b'HTTP/1.1', 404, b'Not Found', [(b'Date', b'Sat, 29 Aug 2026 09:29:52 GMT'), (b'Content-Type', b'text/html; charset=utf-8'), (b'Content-Length', b'5254'), (b'Connection', b'keep-alive'), (b'Accept-Ranges', b'bytes'), (b'Access-Control-Allow-Origin', b'*'), (b'Age', b'0'), (b'Content-Encoding', b'gzip'), (b'Content-Security-Policy', b"default-src 'none'; style-src 'unsafe-inline'; img-src data:; connect-src 'self'"), (b'Etag', b'W/"6a8feae0-24a3"'), (b'Strict-Transport-Security', b'max-age=31536000; includeSubDomains; preload'), (b'Vary', b'Accept-Encoding'), (b'Vary', b'Accept-Encoding'), (b'Via', b'1.1 varnish, https/1.1 api-umbrella (ApacheTrafficServer [cMsSf ])'), (b'X-Api-Umbrella-Request-Id', b'd09jdaabufaa5sbuomeg'), (b'X-Cache', b'MISS'), (b'X-Cache-Hits', b'0'), (b'X-Content-Type-Options', b'nosniff'), (b'X-Fastly-Request-Id', b'71f221557d5e17dfaa8e8c20fdb0b7fe9e6c9ed7'), (b'X-Github-Edge-Region', b'westus2'), (b'X-Github-Request-Id', b'EADE:1CB920:47DC3:64194:6A92A690'), (b'X-Proxy-Cache', b'MISS'), (b'X-Served-By', b'cache-bfi-krnt7300022-BFI'), (b'X-Timer', b'S1787995793.702580,VS0,VE82'), (b'X-Vcap-Request-Id', b'08ff0070-5dff-43bf-6dd2-af773c58e423'), (b'X-Xss-Protection', b'1; mode=block'), (b'X-Frame-Options', b'DENY')]) - Module: httpcore.http11
[2026-08-29 12:59:50] INFO:     HTTP Request: GET https://api.nasa.gov/images-api/search?q=moon&page=1&media_type=image&api_key=xhUkRhjfqiRE8WnfD3FTIRwc75ddqg1lQL1CeK92 "HTTP/1.1 404 Not Found" - Module: httpx
[2026-08-29 12:59:50] DEBUG:    receive_response_body.started request=<Request [b'GET']> - Module: httpcore.http11
[2026-08-29 12:59:50] DEBUG:    receive_response_body.complete - Module: httpcore.http11
[2026-08-29 12:59:50] DEBUG:    response_closed.started - Module: httpcore.http11
[2026-08-29 12:59:50] DEBUG:    response_closed.complete - Module: httpcore.http11
[2026-08-29 12:59:50] DEBUG:    close.started - Module: httpcore.connection
[2026-08-29 12:59:50] DEBUG:    close.complete - Module: httpcore.connection
[2026-08-29 13:00:00] DEBUG:    connect_tcp.started host='api.nasa.gov' port=443 local_address=None timeout=15.0 socket_options=None - Module: httpcore.connection
[2026-08-29 13:00:00] DEBUG:    connect_tcp.complete return_value=<httpcore._backends.anyio.AnyIOStream object at 0x000002494A44F860> - Module: httpcore.connection
[2026-08-29 13:00:00] DEBUG:    start_tls.started ssl_context=<ssl.SSLContext object at 0x00000249487F39D0> server_hostname='api.nasa.gov' timeout=15.0 - Module: httpcore.connection
[2026-08-29 13:00:01] DEBUG:    start_tls.complete return_value=<httpcore._backends.anyio.AnyIOStream object at 0x00000249498FA990> - Module: httpcore.connection
[2026-08-29 13:00:01] DEBUG:    send_request_headers.started request=<Request [b'GET']> - Module: httpcore.http11
[2026-08-29 13:00:01] DEBUG:    send_request_headers.complete - Module: httpcore.http11
[2026-08-29 13:00:01] DEBUG:    send_request_body.started request=<Request [b'GET']> - Module: httpcore.http11
[2026-08-29 13:00:01] DEBUG:    send_request_body.complete - Module: httpcore.http11
[2026-08-29 13:00:01] DEBUG:    receive_response_headers.started request=<Request [b'GET']> - Module: httpcore.http11
[2026-08-29 13:00:06] DEBUG:    receive_response_headers.complete return_value=(b'HTTP/1.1', 503, b'Service Unavailable', [(b'Date', b'Sat, 29 Aug 2026 09:30:08 GMT'), (b'Content-Type', b'text/plain'), (b'Content-Length', b'98'), (b'Connection', b'keep-alive'), (b'Access-Control-Allow-Origin', b'*'), (b'Age', b'4'), (b'Strict-Transport-Security', b'max-age=31536000; includeSubDomains; preload'), (b'Via', b'https/1.1 api-umbrella (ApacheTrafficServer [cMsSf ])'), (b'X-Api-Umbrella-Request-Id', b'd09jdd6kpm8a5fl3thmg'), (b'X-Cache', b'MISS'), (b'X-Content-Type-Options', b'nosniff'), (b'X-Ratelimit-Limit', b'2500'), (b'X-Ratelimit-Remaining', b'2497'), (b'X-Vcap-Request-Id', b'bbceee10-d987-4f85-6309-be61c1e18df4'), (b'X-Frame-Options', b'DENY')]) - Module: httpcore.http11
[2026-08-29 13:00:06] INFO:     HTTP Request: GET https://api.nasa.gov/DONKI/FLR?startDate=2026-08-29&endDate=2026-08-23&api_key=xhUkRhjfqiRE8WnfD3FTIRwc75ddqg1lQL1CeK92 "HTTP/1.1 503 Service Unavailable" - Module: httpx
[2026-08-29 13:00:06] DEBUG:    receive_response_body.started request=<Request [b'GET']> - Module: httpcore.http11
[2026-08-29 13:00:06] DEBUG:    receive_response_body.complete - Module: httpcore.http11
[2026-08-29 13:00:06] DEBUG:    response_closed.started - Module: httpcore.http11
[2026-08-29 13:00:06] DEBUG:    response_closed.complete - Module: httpcore.http11
[2026-08-29 13:00:06] DEBUG:    close.started - Module: httpcore.connection
[2026-08-29 13:00:06] DEBUG:    close.complete - Module: httpcore.connection
[2026-08-29 14:00:20] INFO:     POST /api/v5/chart-data/birth-chart | IP: 127.0.0.1 | Origin: http://127.0.0.1:8003 | Natal chart data request - Module: app.routers.data
[2026-08-29 14:00:20] DEBUG:    Request body: {"active_points":null,"active_aspects":null,"distribution_method":"weighted","custom_distribution_weights":null,"subject":{"year":1379,"month":1,"day":1,"hour":12,"minute":0,"second":0,"longitude":51.389,"latitude":35.6892,"altitude":null,"city":"Unknown","nation":"null","timezone":"Asia/Tehran","is_dst":null,"geonames_username":null,"name":"کاربر","zodiac_type":"Tropical","sidereal_mode":null,"perspective_type":"Apparent Geocentric","houses_system_identifier":"P","custom_ayanamsa_t0":null,"custom_ayanamsa_ayan_t0":null}} - Module: app.routers.data
[2026-08-29 14:00:20] WARNING:  Could not compute Sun altitude for sect classification: calc_ut: Cannot calculate Sun (ID 0) for JD 2224729.856944 (1379-01-01): date is outside ephemeris range.
  Supported range: JD 2287184.5 to 2688976.5 (1549-12-31 to 2650-01-25)
  Ephemeris file: de440.bsp. Defaulting to diurnal (day chart). - Module: root
[2026-08-29 14:00:20] ERROR:    Error calculating Sun: calc_ut: Cannot calculate Sun (ID 0) for JD 2224729.856944 (1379-01-01): date is outside ephemeris range.
  Supported range: JD 2287184.5 to 2688976.5 (1549-12-31 to 2650-01-25)
  Ephemeris file: de440.bsp - Module: root
[2026-08-29 14:00:20] ERROR:    Error calculating Moon: calc_ut: Cannot calculate Moon (ID 1) for JD 2224729.856944 (1379-01-01): date is outside ephemeris range.
  Supported range: JD 2287184.5 to 2688976.5 (1549-12-31 to 2650-01-25)
  Ephemeris file: de440.bsp - Module: root
[2026-08-29 14:00:20] ERROR:    Error calculating Mercury: calc_ut: Cannot calculate Mercury (ID 2) for JD 2224729.856944 (1379-01-01): date is outside ephemeris range.
  Supported range: JD 2287184.5 to 2688976.5 (1549-12-31 to 2650-01-25)
  Ephemeris file: de440.bsp - Module: root
[2026-08-29 14:00:20] ERROR:    Error calculating Venus: calc_ut: Cannot calculate Venus (ID 3) for JD 2224729.856944 (1379-01-01): date is outside ephemeris range.
  Supported range: JD 2287184.5 to 2688976.5 (1549-12-31 to 2650-01-25)
  Ephemeris file: de440.bsp - Module: root
[2026-08-29 14:00:20] ERROR:    Error calculating Mars: calc_ut: Cannot calculate Mars (ID 4) for JD 2224729.856944 (1379-01-01): date is outside ephemeris range.
  Supported range: JD 2287184.5 to 2688976.5 (1549-12-31 to 2650-01-25)
  Ephemeris file: de440.bsp - Module: root
[2026-08-29 14:00:20] ERROR:    Error calculating Jupiter: calc_ut: Cannot calculate Jupiter (ID 5) for JD 2224729.856944 (1379-01-01): date is outside ephemeris range.
  Supported range: JD 2287184.5 to 2688976.5 (1549-12-31 to 2650-01-25)
  Ephemeris file: de440.bsp - Module: root
[2026-08-29 14:00:20] ERROR:    Error calculating Saturn: calc_ut: Cannot calculate Saturn (ID 6) for JD 2224729.856944 (1379-01-01): date is outside ephemeris range.
  Supported range: JD 2287184.5 to 2688976.5 (1549-12-31 to 2650-01-25)
  Ephemeris file: de440.bsp - Module: root
[2026-08-29 14:00:20] ERROR:    Error calculating Uranus: calc_ut: Cannot calculate Uranus (ID 7) for JD 2224729.856944 (1379-01-01): date is outside ephemeris range.
  Supported range: JD 2287184.5 to 2688976.5 (1549-12-31 to 2650-01-25)
  Ephemeris file: de440.bsp - Module: root
[2026-08-29 14:00:20] ERROR:    Error calculating Neptune: calc_ut: Cannot calculate Neptune (ID 8) for JD 2224729.856944 (1379-01-01): date is outside ephemeris range.
  Supported range: JD 2287184.5 to 2688976.5 (1549-12-31 to 2650-01-25)
  Ephemeris file: de440.bsp - Module: root
[2026-08-29 14:00:20] ERROR:    Error calculating Pluto: calc_ut: Cannot calculate Pluto (ID 9) for JD 2224729.856944 (1379-01-01): date is outside ephemeris range.
  Supported range: JD 2287184.5 to 2688976.5 (1549-12-31 to 2650-01-25)
  Ephemeris file: de440.bsp - Module: root
[2026-08-29 14:00:20] ERROR:    Error calculating True_North_Lunar_Node: Cannot calculate true Node (ID 11) for JD 2224729.856944 (1379-01-01): date is outside ephemeris range.
  Supported range: JD 2287184.5 to 2688976.5 (1549-12-31 to 2650-01-25)
  Ephemeris file: de440.bsp - Module: root
[2026-08-29 14:00:20] ERROR:    Error calculating Mean_Lilith: Julian day 2224729.862992409 is outside the active ephemeris range 2287184.5 to 2688976.5 - Module: root
[libephemeris] WARNING: Auto SPK coverage miss for body 15: JD 2224729.9 outside SPK coverage [2396713.5, 2506376.5] for body 15
[2026-08-29 14:00:20] ERROR:    Error calculating Chiron: Cannot calculate Chiron (ID 15) for JD 2224729.856944 (1379-01-01): date is outside ephemeris range.
  Supported range: JD 2287184.5 to 2688976.5 (1549-12-31 to 2650-01-25)
  Ephemeris file: de440.bsp - Module: root
[2026-08-29 14:00:20] DEBUG:    Calculating relevant aspects by filtering orbs... - Module: root
[2026-08-29 14:00:20] INFO:     POST /api/v5/context/birth-chart | IP: 127.0.0.1 | Origin: http://127.0.0.1:8003 | درخواست context چارت تولد - Module: app.routers.context
[2026-08-29 14:00:20] DEBUG:    Request body: {"active_points":null,"active_aspects":null,"distribution_method":"weighted","custom_distribution_weights":null,"subject":{"year":1379,"month":1,"day":1,"hour":12,"minute":0,"second":0,"longitude":51.389,"latitude":35.6892,"altitude":null,"city":"Unknown","nation":"null","timezone":"Asia/Tehran","is_dst":null,"geonames_username":null,"name":"کاربر","zodiac_type":"Tropical","sidereal_mode":null,"perspective_type":"Apparent Geocentric","houses_system_identifier":"P","custom_ayanamsa_t0":null,"custom_ayanamsa_ayan_t0":null}} - Module: app.routers.context
[2026-08-29 14:00:20] WARNING:  Could not compute Sun altitude for sect classification: calc_ut: Cannot calculate Sun (ID 0) for JD 2224729.856944 (1379-01-01): date is outside ephemeris range.
  Supported range: JD 2287184.5 to 2688976.5 (1549-12-31 to 2650-01-25)
  Ephemeris file: de440.bsp. Defaulting to diurnal (day chart). - Module: root
[2026-08-29 14:00:20] ERROR:    Error calculating Sun: calc_ut: Cannot calculate Sun (ID 0) for JD 2224729.856944 (1379-01-01): date is outside ephemeris range.
  Supported range: JD 2287184.5 to 2688976.5 (1549-12-31 to 2650-01-25)
  Ephemeris file: de440.bsp - Module: root
[2026-08-29 14:00:20] ERROR:    Error calculating Moon: calc_ut: Cannot calculate Moon (ID 1) for JD 2224729.856944 (1379-01-01): date is outside ephemeris range.
  Supported range: JD 2287184.5 to 2688976.5 (1549-12-31 to 2650-01-25)
  Ephemeris file: de440.bsp - Module: root
[2026-08-29 14:00:20] ERROR:    Error calculating Mercury: calc_ut: Cannot calculate Mercury (ID 2) for JD 2224729.856944 (1379-01-01): date is outside ephemeris range.
  Supported range: JD 2287184.5 to 2688976.5 (1549-12-31 to 2650-01-25)
  Ephemeris file: de440.bsp - Module: root
[2026-08-29 14:00:20] ERROR:    Error calculating Venus: calc_ut: Cannot calculate Venus (ID 3) for JD 2224729.856944 (1379-01-01): date is outside ephemeris range.
  Supported range: JD 2287184.5 to 2688976.5 (1549-12-31 to 2650-01-25)
  Ephemeris file: de440.bsp - Module: root
[2026-08-29 14:00:20] ERROR:    Error calculating Mars: calc_ut: Cannot calculate Mars (ID 4) for JD 2224729.856944 (1379-01-01): date is outside ephemeris range.
  Supported range: JD 2287184.5 to 2688976.5 (1549-12-31 to 2650-01-25)
  Ephemeris file: de440.bsp - Module: root
[2026-08-29 14:00:20] ERROR:    Error calculating Jupiter: calc_ut: Cannot calculate Jupiter (ID 5) for JD 2224729.856944 (1379-01-01): date is outside ephemeris range.
  Supported range: JD 2287184.5 to 2688976.5 (1549-12-31 to 2650-01-25)
  Ephemeris file: de440.bsp - Module: root
[2026-08-29 14:00:20] ERROR:    Error calculating Saturn: calc_ut: Cannot calculate Saturn (ID 6) for JD 2224729.856944 (1379-01-01): date is outside ephemeris range.
  Supported range: JD 2287184.5 to 2688976.5 (1549-12-31 to 2650-01-25)
  Ephemeris file: de440.bsp - Module: root
[2026-08-29 14:00:20] ERROR:    Error calculating Uranus: calc_ut: Cannot calculate Uranus (ID 7) for JD 2224729.856944 (1379-01-01): date is outside ephemeris range.
  Supported range: JD 2287184.5 to 2688976.5 (1549-12-31 to 2650-01-25)
  Ephemeris file: de440.bsp - Module: root
[2026-08-29 14:00:20] ERROR:    Error calculating Neptune: calc_ut: Cannot calculate Neptune (ID 8) for JD 2224729.856944 (1379-01-01): date is outside ephemeris range.
  Supported range: JD 2287184.5 to 2688976.5 (1549-12-31 to 2650-01-25)
  Ephemeris file: de440.bsp - Module: root
[2026-08-29 14:00:20] ERROR:    Error calculating Pluto: calc_ut: Cannot calculate Pluto (ID 9) for JD 2224729.856944 (1379-01-01): date is outside ephemeris range.
  Supported range: JD 2287184.5 to 2688976.5 (1549-12-31 to 2650-01-25)
  Ephemeris file: de440.bsp - Module: root
[2026-08-29 14:00:20] ERROR:    Error calculating True_North_Lunar_Node: Cannot calculate true Node (ID 11) for JD 2224729.856944 (1379-01-01): date is outside ephemeris range.
  Supported range: JD 2287184.5 to 2688976.5 (1549-12-31 to 2650-01-25)
  Ephemeris file: de440.bsp - Module: root
[2026-08-29 14:00:20] ERROR:    Error calculating Mean_Lilith: Julian day 2224729.862992409 is outside the active ephemeris range 2287184.5 to 2688976.5 - Module: root
[libephemeris] WARNING: Auto SPK coverage miss for body 15: JD 2224729.9 outside SPK coverage [2396713.5, 2506376.5] for body 15
[2026-08-29 14:00:20] ERROR:    Error calculating Chiron: Cannot calculate Chiron (ID 15) for JD 2224729.856944 (1379-01-01): date is outside ephemeris range.
  Supported range: JD 2287184.5 to 2688976.5 (1549-12-31 to 2650-01-25)
  Ephemeris file: de440.bsp - Module: root
[2026-08-29 14:00:20] DEBUG:    Calculating relevant aspects by filtering orbs... - Module: root
[2026-08-29 14:00:20] WARNING:  Could not compute Sun altitude for sect classification: calc_ut: Cannot calculate Sun (ID 0) for JD 2224729.856944 (1379-01-01): date is outside ephemeris range.
  Supported range: JD 2287184.5 to 2688976.5 (1549-12-31 to 2650-01-25)
  Ephemeris file: de440.bsp. Defaulting to diurnal (day chart). - Module: root
[2026-08-29 14:00:20] ERROR:    Error calculating Sun: calc_ut: Cannot calculate Sun (ID 0) for JD 2224729.856944 (1379-01-01): date is outside ephemeris range.
  Supported range: JD 2287184.5 to 2688976.5 (1549-12-31 to 2650-01-25)
  Ephemeris file: de440.bsp - Module: root
[2026-08-29 14:00:20] ERROR:    Error calculating Moon: calc_ut: Cannot calculate Moon (ID 1) for JD 2224729.856944 (1379-01-01): date is outside ephemeris range.
  Supported range: JD 2287184.5 to 2688976.5 (1549-12-31 to 2650-01-25)
  Ephemeris file: de440.bsp - Module: root
[2026-08-29 14:00:20] ERROR:    Error calculating Mercury: calc_ut: Cannot calculate Mercury (ID 2) for JD 2224729.856944 (1379-01-01): date is outside ephemeris range.
  Supported range: JD 2287184.5 to 2688976.5 (1549-12-31 to 2650-01-25)
  Ephemeris file: de440.bsp - Module: root
[2026-08-29 14:00:20] ERROR:    Error calculating Venus: calc_ut: Cannot calculate Venus (ID 3) for JD 2224729.856944 (1379-01-01): date is outside ephemeris range.
  Supported range: JD 2287184.5 to 2688976.5 (1549-12-31 to 2650-01-25)
  Ephemeris file: de440.bsp - Module: root
[2026-08-29 14:00:20] ERROR:    Error calculating Mars: calc_ut: Cannot calculate Mars (ID 4) for JD 2224729.856944 (1379-01-01): date is outside ephemeris range.
  Supported range: JD 2287184.5 to 2688976.5 (1549-12-31 to 2650-01-25)
  Ephemeris file: de440.bsp - Module: root
[2026-08-29 14:00:20] ERROR:    Error calculating Jupiter: calc_ut: Cannot calculate Jupiter (ID 5) for JD 2224729.856944 (1379-01-01): date is outside ephemeris range.
  Supported range: JD 2287184.5 to 2688976.5 (1549-12-31 to 2650-01-25)
  Ephemeris file: de440.bsp - Module: root
[2026-08-29 14:00:20] ERROR:    Error calculating Saturn: calc_ut: Cannot calculate Saturn (ID 6) for JD 2224729.856944 (1379-01-01): date is outside ephemeris range.
  Supported range: JD 2287184.5 to 2688976.5 (1549-12-31 to 2650-01-25)
  Ephemeris file: de440.bsp - Module: root
[2026-08-29 14:00:20] ERROR:    Error calculating Uranus: calc_ut: Cannot calculate Uranus (ID 7) for JD 2224729.856944 (1379-01-01): date is outside ephemeris range.
  Supported range: JD 2287184.5 to 2688976.5 (1549-12-31 to 2650-01-25)
  Ephemeris file: de440.bsp - Module: root
[2026-08-29 14:00:20] ERROR:    Error calculating Neptune: calc_ut: Cannot calculate Neptune (ID 8) for JD 2224729.856944 (1379-01-01): date is outside ephemeris range.
  Supported range: JD 2287184.5 to 2688976.5 (1549-12-31 to 2650-01-25)
  Ephemeris file: de440.bsp - Module: root
[2026-08-29 14:00:20] ERROR:    Error calculating Pluto: calc_ut: Cannot calculate Pluto (ID 9) for JD 2224729.856944 (1379-01-01): date is outside ephemeris range.
  Supported range: JD 2287184.5 to 2688976.5 (1549-12-31 to 2650-01-25)
  Ephemeris file: de440.bsp - Module: root
[2026-08-29 14:00:20] ERROR:    Error calculating True_North_Lunar_Node: Cannot calculate true Node (ID 11) for JD 2224729.856944 (1379-01-01): date is outside ephemeris range.
  Supported range: JD 2287184.5 to 2688976.5 (1549-12-31 to 2650-01-25)
  Ephemeris file: de440.bsp - Module: root
[2026-08-29 14:00:20] ERROR:    Error calculating Mean_Lilith: Julian day 2224729.862992409 is outside the active ephemeris range 2287184.5 to 2688976.5 - Module: root
[libephemeris] WARNING: Auto SPK coverage miss for body 15: JD 2224729.9 outside SPK coverage [2396713.5, 2506376.5] for body 15
[2026-08-29 14:00:20] ERROR:    Error calculating Chiron: Cannot calculate Chiron (ID 15) for JD 2224729.856944 (1379-01-01): date is outside ephemeris range.
  Supported range: JD 2287184.5 to 2688976.5 (1549-12-31 to 2650-01-25)
  Ephemeris file: de440.bsp - Module: root
[2026-08-29 14:00:20] DEBUG:    Calculating relevant aspects by filtering orbs... - Module: root
[2026-08-29 14:00:20] DEBUG:    Planet index: 0, degree: 16.699957439263226 - Module: root
[2026-08-29 14:00:20] DEBUG:    Planet index: 3, degree: 99.75999549533446 - Module: root
[2026-08-29 14:00:20] DEBUG:    Planet index: 2, degree: 196.69995743926322 - Module: root
[2026-08-29 14:00:20] DEBUG:    Planet index: 1, degree: 279.75999549533446 - Module: root
[2026-08-29 14:00:20] DEBUG:    Asc, distance_to_prev: 96.93996194392878, distance_to_next: 83.06003805607124 - Module: root
[2026-08-29 14:00:20] DEBUG:    Ic, distance_to_prev: 83.06003805607124, distance_to_next: 96.93996194392875 - Module: root
[2026-08-29 14:00:20] DEBUG:    Dsc, distance_to_prev: 96.93996194392875, distance_to_next: 83.06003805607125 - Module: root
[2026-08-29 14:00:20] DEBUG:    Mc, distance_to_prev: 83.06003805607125, distance_to_next: 96.93996194392878 - Module: root
[2026-08-29 14:00:20] DEBUG:    Template dictionary includes 139 fields - Module: kerykeion.charts.chart_drawer
[2026-08-29 14:00:20] WARNING:  scour failed on SVG minification, falling back to string-based minification: could not convert string to float: 'var(--kerykeion-modern-zodiac-bg-opacity, 0.5)' - Module: root
[2026-08-29 14:00:27] INFO:     [ANALYSIS] Trying model: openrouter/nvidia/nemotron-3.5-lightning:free - Module: app.routers.context
[2026-08-29 14:00:27] DEBUG:    connect_tcp.started host='localhost' port=20128 local_address=None timeout=180.0 socket_options=None - Module: httpcore.connection
[2026-08-29 14:00:29] DEBUG:    connect_tcp.failed exception=ConnectError(OSError('All connection attempts failed')) - Module: httpcore.connection
[2026-08-29 14:00:29] WARNING:  [ANALYSIS] openrouter/nvidia/nemotron-3.5-lightning:free -> ConnectError: All connection attempts failed - Module: app.routers.context
[2026-08-29 14:00:29] INFO:     [ANALYSIS] Trying model: openrouter/nvidia/nemotron-3-super-120b-a12b:free - Module: app.routers.context
[2026-08-29 14:00:29] DEBUG:    connect_tcp.started host='localhost' port=20128 local_address=None timeout=180.0 socket_options=None - Module: httpcore.connection
[2026-08-29 14:00:32] DEBUG:    connect_tcp.failed exception=ConnectError(OSError('All connection attempts failed')) - Module: httpcore.connection
[2026-08-29 14:00:32] WARNING:  [ANALYSIS] openrouter/nvidia/nemotron-3-super-120b-a12b:free -> ConnectError: All connection attempts failed - Module: app.routers.context
[2026-08-29 14:00:32] INFO:     [ANALYSIS] Trying model: openrouter/nvidia/nemotron-3-nano-omni-30b-a3b-reasoning:free - Module: app.routers.context
[2026-08-29 14:00:32] DEBUG:    connect_tcp.started host='localhost' port=20128 local_address=None timeout=180.0 socket_options=None - Module: httpcore.connection
[2026-08-29 14:00:34] DEBUG:    connect_tcp.failed exception=ConnectError(OSError('All connection attempts failed')) - Module: httpcore.connection
[2026-08-29 14:00:34] WARNING:  [ANALYSIS] openrouter/nvidia/nemotron-3-nano-omni-30b-a3b-reasoning:free -> ConnectError: All connection attempts failed - Module: app.routers.context
[2026-08-29 14:00:34] INFO:     [ANALYSIS] Trying model: openrouter/openrouter/free - Module: app.routers.context
[2026-08-29 14:00:34] DEBUG:    connect_tcp.started host='localhost' port=20128 local_address=None timeout=180.0 socket_options=None - Module: httpcore.connection
[2026-08-29 14:00:36] DEBUG:    connect_tcp.failed exception=ConnectError(OSError('All connection attempts failed')) - Module: httpcore.connection
[2026-08-29 14:00:36] WARNING:  [ANALYSIS] openrouter/openrouter/free -> ConnectError: All connection attempts failed - Module: app.routers.context
[2026-08-29 14:00:36] INFO:     [ANALYSIS] Trying model: openrouter/cohere/north-mini-code:free - Module: app.routers.context
[2026-08-29 14:00:36] DEBUG:    connect_tcp.started host='localhost' port=20128 local_address=None timeout=180.0 socket_options=None - Module: httpcore.connection
[2026-08-29 14:00:39] DEBUG:    connect_tcp.failed exception=ConnectError(OSError('All connection attempts failed')) - Module: httpcore.connection
[2026-08-29 14:00:39] WARNING:  [ANALYSIS] openrouter/cohere/north-mini-code:free -> ConnectError: All connection attempts failed - Module: app.routers.context
[2026-08-29 14:00:39] INFO:     POST /api/v5/chart-data/birth-chart | IP: 127.0.0.1 | Origin: http://127.0.0.1:8003 | Natal chart data request - Module: app.routers.data
[2026-08-29 14:00:39] DEBUG:    Request body: {"active_points":null,"active_aspects":null,"distribution_method":"weighted","custom_distribution_weights":null,"subject":{"year":1379,"month":1,"day":1,"hour":12,"minute":0,"second":0,"longitude":51.389,"latitude":35.6892,"altitude":null,"city":"Unknown","nation":"null","timezone":"Asia/Tehran","is_dst":null,"geonames_username":null,"name":"کاربر","zodiac_type":"Tropical","sidereal_mode":null,"perspective_type":"Apparent Geocentric","houses_system_identifier":"P","custom_ayanamsa_t0":null,"custom_ayanamsa_ayan_t0":null}} - Module: app.routers.data
[2026-08-29 14:00:39] WARNING:  Could not compute Sun altitude for sect classification: calc_ut: Cannot calculate Sun (ID 0) for JD 2224729.856944 (1379-01-01): date is outside ephemeris range.
  Supported range: JD 2287184.5 to 2688976.5 (1549-12-31 to 2650-01-25)
  Ephemeris file: de440.bsp. Defaulting to diurnal (day chart). - Module: root
[2026-08-29 14:00:39] ERROR:    Error calculating Sun: calc_ut: Cannot calculate Sun (ID 0) for JD 2224729.856944 (1379-01-01): date is outside ephemeris range.
  Supported range: JD 2287184.5 to 2688976.5 (1549-12-31 to 2650-01-25)
  Ephemeris file: de440.bsp - Module: root
[2026-08-29 14:00:39] ERROR:    Error calculating Moon: calc_ut: Cannot calculate Moon (ID 1) for JD 2224729.856944 (1379-01-01): date is outside ephemeris range.
  Supported range: JD 2287184.5 to 2688976.5 (1549-12-31 to 2650-01-25)
  Ephemeris file: de440.bsp - Module: root
[2026-08-29 14:00:39] ERROR:    Error calculating Mercury: calc_ut: Cannot calculate Mercury (ID 2) for JD 2224729.856944 (1379-01-01): date is outside ephemeris range.
  Supported range: JD 2287184.5 to 2688976.5 (1549-12-31 to 2650-01-25)
  Ephemeris file: de440.bsp - Module: root
[2026-08-29 14:00:39] ERROR:    Error calculating Venus: calc_ut: Cannot calculate Venus (ID 3) for JD 2224729.856944 (1379-01-01): date is outside ephemeris range.
  Supported range: JD 2287184.5 to 2688976.5 (1549-12-31 to 2650-01-25)
  Ephemeris file: de440.bsp - Module: root
[2026-08-29 14:00:39] ERROR:    Error calculating Mars: calc_ut: Cannot calculate Mars (ID 4) for JD 2224729.856944 (1379-01-01): date is outside ephemeris range.
  Supported range: JD 2287184.5 to 2688976.5 (1549-12-31 to 2650-01-25)
  Ephemeris file: de440.bsp - Module: root
[2026-08-29 14:00:39] ERROR:    Error calculating Jupiter: calc_ut: Cannot calculate Jupiter (ID 5) for JD 2224729.856944 (1379-01-01): date is outside ephemeris range.
  Supported range: JD 2287184.5 to 2688976.5 (1549-12-31 to 2650-01-25)
  Ephemeris file: de440.bsp - Module: root
[2026-08-29 14:00:39] ERROR:    Error calculating Saturn: calc_ut: Cannot calculate Saturn (ID 6) for JD 2224729.856944 (1379-01-01): date is outside ephemeris range.
  Supported range: JD 2287184.5 to 2688976.5 (1549-12-31 to 2650-01-25)
  Ephemeris file: de440.bsp - Module: root
[2026-08-29 14:00:39] ERROR:    Error calculating Uranus: calc_ut: Cannot calculate Uranus (ID 7) for JD 2224729.856944 (1379-01-01): date is outside ephemeris range.
  Supported range: JD 2287184.5 to 2688976.5 (1549-12-31 to 2650-01-25)
  Ephemeris file: de440.bsp - Module: root
[2026-08-29 14:00:39] ERROR:    Error calculating Neptune: calc_ut: Cannot calculate Neptune (ID 8) for JD 2224729.856944 (1379-01-01): date is outside ephemeris range.
  Supported range: JD 2287184.5 to 2688976.5 (1549-12-31 to 2650-01-25)
  Ephemeris file: de440.bsp - Module: root
[2026-08-29 14:00:39] ERROR:    Error calculating Pluto: calc_ut: Cannot calculate Pluto (ID 9) for JD 2224729.856944 (1379-01-01): date is outside ephemeris range.
  Supported range: JD 2287184.5 to 2688976.5 (1549-12-31 to 2650-01-25)
  Ephemeris file: de440.bsp - Module: root
[2026-08-29 14:00:39] ERROR:    Error calculating True_North_Lunar_Node: Cannot calculate true Node (ID 11) for JD 2224729.856944 (1379-01-01): date is outside ephemeris range.
  Supported range: JD 2287184.5 to 2688976.5 (1549-12-31 to 2650-01-25)
  Ephemeris file: de440.bsp - Module: root
[2026-08-29 14:00:39] ERROR:    Error calculating Mean_Lilith: Julian day 2224729.862992409 is outside the active ephemeris range 2287184.5 to 2688976.5 - Module: root
[libephemeris] WARNING: Auto SPK coverage miss for body 15: JD 2224729.9 outside SPK coverage [2396713.5, 2506376.5] for body 15
[2026-08-29 14:00:39] ERROR:    Error calculating Chiron: Cannot calculate Chiron (ID 15) for JD 2224729.856944 (1379-01-01): date is outside ephemeris range.
  Supported range: JD 2287184.5 to 2688976.5 (1549-12-31 to 2650-01-25)
  Ephemeris file: de440.bsp - Module: root
[2026-08-29 14:00:39] DEBUG:    Calculating relevant aspects by filtering orbs... - Module: root
[2026-08-29 14:00:39] INFO:     POST /api/v5/context/birth-chart | IP: 127.0.0.1 | Origin: http://127.0.0.1:8003 | درخواست context چارت تولد - Module: app.routers.context
[2026-08-29 14:00:39] DEBUG:    Request body: {"active_points":null,"active_aspects":null,"distribution_method":"weighted","custom_distribution_weights":null,"subject":{"year":1379,"month":1,"day":1,"hour":12,"minute":0,"second":0,"longitude":51.389,"latitude":35.6892,"altitude":null,"city":"Unknown","nation":"null","timezone":"Asia/Tehran","is_dst":null,"geonames_username":null,"name":"کاربر","zodiac_type":"Tropical","sidereal_mode":null,"perspective_type":"Apparent Geocentric","houses_system_identifier":"P","custom_ayanamsa_t0":null,"custom_ayanamsa_ayan_t0":null}} - Module: app.routers.context
[2026-08-29 14:00:39] WARNING:  Could not compute Sun altitude for sect classification: calc_ut: Cannot calculate Sun (ID 0) for JD 2224729.856944 (1379-01-01): date is outside ephemeris range.
  Supported range: JD 2287184.5 to 2688976.5 (1549-12-31 to 2650-01-25)
  Ephemeris file: de440.bsp. Defaulting to diurnal (day chart). - Module: root
[2026-08-29 14:00:39] ERROR:    Error calculating Sun: calc_ut: Cannot calculate Sun (ID 0) for JD 2224729.856944 (1379-01-01): date is outside ephemeris range.
  Supported range: JD 2287184.5 to 2688976.5 (1549-12-31 to 2650-01-25)
  Ephemeris file: de440.bsp - Module: root
[2026-08-29 14:00:39] ERROR:    Error calculating Moon: calc_ut: Cannot calculate Moon (ID 1) for JD 2224729.856944 (1379-01-01): date is outside ephemeris range.
  Supported range: JD 2287184.5 to 2688976.5 (1549-12-31 to 2650-01-25)
  Ephemeris file: de440.bsp - Module: root
[2026-08-29 14:00:39] ERROR:    Error calculating Mercury: calc_ut: Cannot calculate Mercury (ID 2) for JD 2224729.856944 (1379-01-01): date is outside ephemeris range.
  Supported range: JD 2287184.5 to 2688976.5 (1549-12-31 to 2650-01-25)
  Ephemeris file: de440.bsp - Module: root
[2026-08-29 14:00:39] ERROR:    Error calculating Venus: calc_ut: Cannot calculate Venus (ID 3) for JD 2224729.856944 (1379-01-01): date is outside ephemeris range.
  Supported range: JD 2287184.5 to 2688976.5 (1549-12-31 to 2650-01-25)
  Ephemeris file: de440.bsp - Module: root
[2026-08-29 14:00:39] ERROR:    Error calculating Mars: calc_ut: Cannot calculate Mars (ID 4) for JD 2224729.856944 (1379-01-01): date is outside ephemeris range.
  Supported range: JD 2287184.5 to 2688976.5 (1549-12-31 to 2650-01-25)
  Ephemeris file: de440.bsp - Module: root
[2026-08-29 14:00:39] ERROR:    Error calculating Jupiter: calc_ut: Cannot calculate Jupiter (ID 5) for JD 2224729.856944 (1379-01-01): date is outside ephemeris range.
  Supported range: JD 2287184.5 to 2688976.5 (1549-12-31 to 2650-01-25)
  Ephemeris file: de440.bsp - Module: root
[2026-08-29 14:00:39] ERROR:    Error calculating Saturn: calc_ut: Cannot calculate Saturn (ID 6) for JD 2224729.856944 (1379-01-01): date is outside ephemeris range.
  Supported range: JD 2287184.5 to 2688976.5 (1549-12-31 to 2650-01-25)
  Ephemeris file: de440.bsp - Module: root
[2026-08-29 14:00:39] ERROR:    Error calculating Uranus: calc_ut: Cannot calculate Uranus (ID 7) for JD 2224729.856944 (1379-01-01): date is outside ephemeris range.
  Supported range: JD 2287184.5 to 2688976.5 (1549-12-31 to 2650-01-25)
  Ephemeris file: de440.bsp - Module: root
[2026-08-29 14:00:39] ERROR:    Error calculating Neptune: calc_ut: Cannot calculate Neptune (ID 8) for JD 2224729.856944 (1379-01-01): date is outside ephemeris range.
  Supported range: JD 2287184.5 to 2688976.5 (1549-12-31 to 2650-01-25)
  Ephemeris file: de440.bsp - Module: root
[2026-08-29 14:00:39] ERROR:    Error calculating Pluto: calc_ut: Cannot calculate Pluto (ID 9) for JD 2224729.856944 (1379-01-01): date is outside ephemeris range.
  Supported range: JD 2287184.5 to 2688976.5 (1549-12-31 to 2650-01-25)
  Ephemeris file: de440.bsp - Module: root
[2026-08-29 14:00:39] ERROR:    Error calculating True_North_Lunar_Node: Cannot calculate true Node (ID 11) for JD 2224729.856944 (1379-01-01): date is outside ephemeris range.
  Supported range: JD 2287184.5 to 2688976.5 (1549-12-31 to 2650-01-25)
  Ephemeris file: de440.bsp - Module: root
[2026-08-29 14:00:39] ERROR:    Error calculating Mean_Lilith: Julian day 2224729.862992409 is outside the active ephemeris range 2287184.5 to 2688976.5 - Module: root
[libephemeris] WARNING: Auto SPK coverage miss for body 15: JD 2224729.9 outside SPK coverage [2396713.5, 2506376.5] for body 15
[2026-08-29 14:00:39] ERROR:    Error calculating Chiron: Cannot calculate Chiron (ID 15) for JD 2224729.856944 (1379-01-01): date is outside ephemeris range.
  Supported range: JD 2287184.5 to 2688976.5 (1549-12-31 to 2650-01-25)
  Ephemeris file: de440.bsp - Module: root
[2026-08-29 14:00:39] DEBUG:    Calculating relevant aspects by filtering orbs... - Module: root
[2026-08-29 14:00:39] WARNING:  Could not compute Sun altitude for sect classification: calc_ut: Cannot calculate Sun (ID 0) for JD 2224729.856944 (1379-01-01): date is outside ephemeris range.
  Supported range: JD 2287184.5 to 2688976.5 (1549-12-31 to 2650-01-25)
  Ephemeris file: de440.bsp. Defaulting to diurnal (day chart). - Module: root
[2026-08-29 14:00:39] ERROR:    Error calculating Sun: calc_ut: Cannot calculate Sun (ID 0) for JD 2224729.856944 (1379-01-01): date is outside ephemeris range.
  Supported range: JD 2287184.5 to 2688976.5 (1549-12-31 to 2650-01-25)
  Ephemeris file: de440.bsp - Module: root
[2026-08-29 14:00:39] ERROR:    Error calculating Moon: calc_ut: Cannot calculate Moon (ID 1) for JD 2224729.856944 (1379-01-01): date is outside ephemeris range.
  Supported range: JD 2287184.5 to 2688976.5 (1549-12-31 to 2650-01-25)
  Ephemeris file: de440.bsp - Module: root
[2026-08-29 14:00:39] ERROR:    Error calculating Mercury: calc_ut: Cannot calculate Mercury (ID 2) for JD 2224729.856944 (1379-01-01): date is outside ephemeris range.
  Supported range: JD 2287184.5 to 2688976.5 (1549-12-31 to 2650-01-25)
  Ephemeris file: de440.bsp - Module: root
[2026-08-29 14:00:39] ERROR:    Error calculating Venus: calc_ut: Cannot calculate Venus (ID 3) for JD 2224729.856944 (1379-01-01): date is outside ephemeris range.
  Supported range: JD 2287184.5 to 2688976.5 (1549-12-31 to 2650-01-25)
  Ephemeris file: de440.bsp - Module: root
[2026-08-29 14:00:39] ERROR:    Error calculating Mars: calc_ut: Cannot calculate Mars (ID 4) for JD 2224729.856944 (1379-01-01): date is outside ephemeris range.
  Supported range: JD 2287184.5 to 2688976.5 (1549-12-31 to 2650-01-25)
  Ephemeris file: de440.bsp - Module: root
[2026-08-29 14:00:39] ERROR:    Error calculating Jupiter: calc_ut: Cannot calculate Jupiter (ID 5) for JD 2224729.856944 (1379-01-01): date is outside ephemeris range.
  Supported range: JD 2287184.5 to 2688976.5 (1549-12-31 to 2650-01-25)
  Ephemeris file: de440.bsp - Module: root
[2026-08-29 14:00:39] ERROR:    Error calculating Saturn: calc_ut: Cannot calculate Saturn (ID 6) for JD 2224729.856944 (1379-01-01): date is outside ephemeris range.
  Supported range: JD 2287184.5 to 2688976.5 (1549-12-31 to 2650-01-25)
  Ephemeris file: de440.bsp - Module: root
[2026-08-29 14:00:39] ERROR:    Error calculating Uranus: calc_ut: Cannot calculate Uranus (ID 7) for JD 2224729.856944 (1379-01-01): date is outside ephemeris range.
  Supported range: JD 2287184.5 to 2688976.5 (1549-12-31 to 2650-01-25)
  Ephemeris file: de440.bsp - Module: root
[2026-08-29 14:00:39] ERROR:    Error calculating Neptune: calc_ut: Cannot calculate Neptune (ID 8) for JD 2224729.856944 (1379-01-01): date is outside ephemeris range.
  Supported range: JD 2287184.5 to 2688976.5 (1549-12-31 to 2650-01-25)
  Ephemeris file: de440.bsp - Module: root
[2026-08-29 14:00:39] ERROR:    Error calculating Pluto: calc_ut: Cannot calculate Pluto (ID 9) for JD 2224729.856944 (1379-01-01): date is outside ephemeris range.
  Supported range: JD 2287184.5 to 2688976.5 (1549-12-31 to 2650-01-25)
  Ephemeris file: de440.bsp - Module: root
[2026-08-29 14:00:39] ERROR:    Error calculating True_North_Lunar_Node: Cannot calculate true Node (ID 11) for JD 2224729.856944 (1379-01-01): date is outside ephemeris range.
  Supported range: JD 2287184.5 to 2688976.5 (1549-12-31 to 2650-01-25)
  Ephemeris file: de440.bsp - Module: root
[2026-08-29 14:00:39] ERROR:    Error calculating Mean_Lilith: Julian day 2224729.862992409 is outside the active ephemeris range 2287184.5 to 2688976.5 - Module: root
[libephemeris] WARNING: Auto SPK coverage miss for body 15: JD 2224729.9 outside SPK coverage [2396713.5, 2506376.5] for body 15
[2026-08-29 14:00:39] ERROR:    Error calculating Chiron: Cannot calculate Chiron (ID 15) for JD 2224729.856944 (1379-01-01): date is outside ephemeris range.
  Supported range: JD 2287184.5 to 2688976.5 (1549-12-31 to 2650-01-25)
  Ephemeris file: de440.bsp - Module: root
[2026-08-29 14:00:39] DEBUG:    Calculating relevant aspects by filtering orbs... - Module: root
[2026-08-29 14:00:39] DEBUG:    Planet index: 0, degree: 16.699957439263226 - Module: root
[2026-08-29 14:00:39] DEBUG:    Planet index: 3, degree: 99.75999549533446 - Module: root
[2026-08-29 14:00:39] DEBUG:    Planet index: 2, degree: 196.69995743926322 - Module: root
[2026-08-29 14:00:39] DEBUG:    Planet index: 1, degree: 279.75999549533446 - Module: root
[2026-08-29 14:00:39] DEBUG:    Asc, distance_to_prev: 96.93996194392878, distance_to_next: 83.06003805607124 - Module: root
[2026-08-29 14:00:39] DEBUG:    Ic, distance_to_prev: 83.06003805607124, distance_to_next: 96.93996194392875 - Module: root
[2026-08-29 14:00:39] DEBUG:    Dsc, distance_to_prev: 96.93996194392875, distance_to_next: 83.06003805607125 - Module: root
[2026-08-29 14:00:39] DEBUG:    Mc, distance_to_prev: 83.06003805607125, distance_to_next: 96.93996194392878 - Module: root
[2026-08-29 14:00:39] DEBUG:    Template dictionary includes 139 fields - Module: kerykeion.charts.chart_drawer
[2026-08-29 14:00:39] WARNING:  scour failed on SVG minification, falling back to string-based minification: could not convert string to float: 'var(--kerykeion-modern-zodiac-bg-opacity, 0.5)' - Module: root
[2026-08-29 14:00:46] INFO:     [ANALYSIS] Trying model: openrouter/nvidia/nemotron-3.5-lightning:free - Module: app.routers.context
[2026-08-29 14:00:46] DEBUG:    connect_tcp.started host='localhost' port=20128 local_address=None timeout=180.0 socket_options=None - Module: httpcore.connection
[2026-08-29 14:00:48] DEBUG:    connect_tcp.failed exception=ConnectError(OSError('All connection attempts failed')) - Module: httpcore.connection
[2026-08-29 14:00:48] WARNING:  [ANALYSIS] openrouter/nvidia/nemotron-3.5-lightning:free -> ConnectError: All connection attempts failed - Module: app.routers.context
[2026-08-29 14:00:48] INFO:     [ANALYSIS] Trying model: openrouter/nvidia/nemotron-3-super-120b-a12b:free - Module: app.routers.context
[2026-08-29 14:00:48] DEBUG:    connect_tcp.started host='localhost' port=20128 local_address=None timeout=180.0 socket_options=None - Module: httpcore.connection
[2026-08-29 14:00:50] DEBUG:    connect_tcp.failed exception=ConnectError(OSError('All connection attempts failed')) - Module: httpcore.connection
[2026-08-29 14:00:50] WARNING:  [ANALYSIS] openrouter/nvidia/nemotron-3-super-120b-a12b:free -> ConnectError: All connection attempts failed - Module: app.routers.context
[2026-08-29 14:00:50] INFO:     [ANALYSIS] Trying model: openrouter/nvidia/nemotron-3-nano-omni-30b-a3b-reasoning:free - Module: app.routers.context
[2026-08-29 14:00:50] DEBUG:    connect_tcp.started host='localhost' port=20128 local_address=None timeout=180.0 socket_options=None - Module: httpcore.connection
[2026-08-29 14:00:52] DEBUG:    connect_tcp.failed exception=ConnectError(OSError('All connection attempts failed')) - Module: httpcore.connection
[2026-08-29 14:00:52] WARNING:  [ANALYSIS] openrouter/nvidia/nemotron-3-nano-omni-30b-a3b-reasoning:free -> ConnectError: All connection attempts failed - Module: app.routers.context
[2026-08-29 14:00:52] INFO:     [ANALYSIS] Trying model: openrouter/openrouter/free - Module: app.routers.context
[2026-08-29 14:00:52] DEBUG:    connect_tcp.started host='localhost' port=20128 local_address=None timeout=180.0 socket_options=None - Module: httpcore.connection
[2026-08-29 14:00:55] DEBUG:    connect_tcp.failed exception=ConnectError(OSError('All connection attempts failed')) - Module: httpcore.connection
[2026-08-29 14:00:55] WARNING:  [ANALYSIS] openrouter/openrouter/free -> ConnectError: All connection attempts failed - Module: app.routers.context
[2026-08-29 14:00:55] INFO:     [ANALYSIS] Trying model: openrouter/cohere/north-mini-code:free - Module: app.routers.context
[2026-08-29 14:00:55] DEBUG:    connect_tcp.started host='localhost' port=20128 local_address=None timeout=180.0 socket_options=None - Module: httpcore.connection
[2026-08-29 14:00:57] DEBUG:    connect_tcp.failed exception=ConnectError(OSError('All connection attempts failed')) - Module: httpcore.connection
[2026-08-29 14:00:57] WARNING:  [ANALYSIS] openrouter/cohere/north-mini-code:free -> ConnectError: All connection attempts failed - Module: app.routers.context
[2026-08-29 14:30:25] INFO:     POST /api/v5/chart-data/synastry | IP: 127.0.0.1 | Origin: http://127.0.0.1:8003 | Synastry chart data request - Module: app.routers.data
[2026-08-29 14:30:25] DEBUG:    Request body: {"active_points":null,"active_aspects":null,"distribution_method":"weighted","custom_distribution_weights":null,"first_subject":{"year":1379,"month":1,"day":1,"hour":12,"minute":0,"second":0,"longitude":34.762602,"latitude":44.998096,"altitude":null,"city":"تنکمان","nation":"null","timezone":"Asia/Tehran","is_dst":null,"geonames_username":null,"name":"کاربر","zodiac_type":"Tropical","sidereal_mode":null,"perspective_type":"Apparent Geocentric","houses_system_identifier":"P","custom_ayanamsa_t0":null,"custom_ayanamsa_ayan_t0":null},"second_subject":{"year":1379,"month":1,"day":1,"hour":12,"minute":0,"second":0,"longitude":48.2933,"latitude":38.2497,"altitude":null,"city":"اردبیل","nation":"null","timezone":"Asia/Tehran","is_dst":null,"geonames_username":null,"name":"کاربر","zodiac_type":"Tropical","sidereal_mode":null,"perspective_type":"Apparent Geocentric","houses_system_identifier":"P","custom_ayanamsa_t0":null,"custom_ayanamsa_ayan_t0":null},"include_house_comparison":true,"include_relationship_score":true} - Module: app.routers.data
[2026-08-29 14:30:25] WARNING:  Could not compute Sun altitude for sect classification: calc_ut: Cannot calculate Sun (ID 0) for JD 2224729.856944 (1379-01-01): date is outside ephemeris range.
  Supported range: JD 2287184.5 to 2688976.5 (1549-12-31 to 2650-01-25)
  Ephemeris file: de440.bsp. Defaulting to diurnal (day chart). - Module: root
[2026-08-29 14:30:25] ERROR:    Error calculating Sun: calc_ut: Cannot calculate Sun (ID 0) for JD 2224729.856944 (1379-01-01): date is outside ephemeris range.
  Supported range: JD 2287184.5 to 2688976.5 (1549-12-31 to 2650-01-25)
  Ephemeris file: de440.bsp - Module: root
[2026-08-29 14:30:25] ERROR:    Error calculating Moon: calc_ut: Cannot calculate Moon (ID 1) for JD 2224729.856944 (1379-01-01): date is outside ephemeris range.
  Supported range: JD 2287184.5 to 2688976.5 (1549-12-31 to 2650-01-25)
  Ephemeris file: de440.bsp - Module: root
[2026-08-29 14:30:25] ERROR:    Error calculating Mercury: calc_ut: Cannot calculate Mercury (ID 2) for JD 2224729.856944 (1379-01-01): date is outside ephemeris range.
  Supported range: JD 2287184.5 to 2688976.5 (1549-12-31 to 2650-01-25)
  Ephemeris file: de440.bsp - Module: root
[2026-08-29 14:30:25] ERROR:    Error calculating Venus: calc_ut: Cannot calculate Venus (ID 3) for JD 2224729.856944 (1379-01-01): date is outside ephemeris range.
  Supported range: JD 2287184.5 to 2688976.5 (1549-12-31 to 2650-01-25)
  Ephemeris file: de440.bsp - Module: root
[2026-08-29 14:30:25] ERROR:    Error calculating Mars: calc_ut: Cannot calculate Mars (ID 4) for JD 2224729.856944 (1379-01-01): date is outside ephemeris range.
  Supported range: JD 2287184.5 to 2688976.5 (1549-12-31 to 2650-01-25)
  Ephemeris file: de440.bsp - Module: root
[2026-08-29 14:30:25] ERROR:    Error calculating Jupiter: calc_ut: Cannot calculate Jupiter (ID 5) for JD 2224729.856944 (1379-01-01): date is outside ephemeris range.
  Supported range: JD 2287184.5 to 2688976.5 (1549-12-31 to 2650-01-25)
  Ephemeris file: de440.bsp - Module: root
[2026-08-29 14:30:25] ERROR:    Error calculating Saturn: calc_ut: Cannot calculate Saturn (ID 6) for JD 2224729.856944 (1379-01-01): date is outside ephemeris range.
  Supported range: JD 2287184.5 to 2688976.5 (1549-12-31 to 2650-01-25)
  Ephemeris file: de440.bsp - Module: root
[2026-08-29 14:30:25] ERROR:    Error calculating Uranus: calc_ut: Cannot calculate Uranus (ID 7) for JD 2224729.856944 (1379-01-01): date is outside ephemeris range.
  Supported range: JD 2287184.5 to 2688976.5 (1549-12-31 to 2650-01-25)
  Ephemeris file: de440.bsp - Module: root
[2026-08-29 14:30:25] ERROR:    Error calculating Neptune: calc_ut: Cannot calculate Neptune (ID 8) for JD 2224729.856944 (1379-01-01): date is outside ephemeris range.
  Supported range: JD 2287184.5 to 2688976.5 (1549-12-31 to 2650-01-25)
  Ephemeris file: de440.bsp - Module: root
[2026-08-29 14:30:25] ERROR:    Error calculating Pluto: calc_ut: Cannot calculate Pluto (ID 9) for JD 2224729.856944 (1379-01-01): date is outside ephemeris range.
  Supported range: JD 2287184.5 to 2688976.5 (1549-12-31 to 2650-01-25)
  Ephemeris file: de440.bsp - Module: root
[2026-08-29 14:30:25] ERROR:    Error calculating True_North_Lunar_Node: Cannot calculate true Node (ID 11) for JD 2224729.856944 (1379-01-01): date is outside ephemeris range.
  Supported range: JD 2287184.5 to 2688976.5 (1549-12-31 to 2650-01-25)
  Ephemeris file: de440.bsp - Module: root
[2026-08-29 14:30:25] ERROR:    Error calculating Mean_Lilith: Julian day 2224729.862992409 is outside the active ephemeris range 2287184.5 to 2688976.5 - Module: root
[libephemeris] WARNING: Auto SPK coverage miss for body 15: JD 2224729.9 outside SPK coverage [2396713.5, 2506376.5] for body 15
[2026-08-29 14:30:25] ERROR:    Error calculating Chiron: Cannot calculate Chiron (ID 15) for JD 2224729.856944 (1379-01-01): date is outside ephemeris range.
  Supported range: JD 2287184.5 to 2688976.5 (1549-12-31 to 2650-01-25)
  Ephemeris file: de440.bsp - Module: root
[2026-08-29 14:30:25] WARNING:  Could not compute Sun altitude for sect classification: calc_ut: Cannot calculate Sun (ID 0) for JD 2224729.856944 (1379-01-01): date is outside ephemeris range.
  Supported range: JD 2287184.5 to 2688976.5 (1549-12-31 to 2650-01-25)
  Ephemeris file: de440.bsp. Defaulting to diurnal (day chart). - Module: root
[2026-08-29 14:30:25] ERROR:    Error calculating Sun: calc_ut: Cannot calculate Sun (ID 0) for JD 2224729.856944 (1379-01-01): date is outside ephemeris range.
  Supported range: JD 2287184.5 to 2688976.5 (1549-12-31 to 2650-01-25)
  Ephemeris file: de440.bsp - Module: root
[2026-08-29 14:30:25] ERROR:    Error calculating Moon: calc_ut: Cannot calculate Moon (ID 1) for JD 2224729.856944 (1379-01-01): date is outside ephemeris range.
  Supported range: JD 2287184.5 to 2688976.5 (1549-12-31 to 2650-01-25)
  Ephemeris file: de440.bsp - Module: root
[2026-08-29 14:30:25] ERROR:    Error calculating Mercury: calc_ut: Cannot calculate Mercury (ID 2) for JD 2224729.856944 (1379-01-01): date is outside ephemeris range.
  Supported range: JD 2287184.5 to 2688976.5 (1549-12-31 to 2650-01-25)
  Ephemeris file: de440.bsp - Module: root
[2026-08-29 14:30:25] ERROR:    Error calculating Venus: calc_ut: Cannot calculate Venus (ID 3) for JD 2224729.856944 (1379-01-01): date is outside ephemeris range.
  Supported range: JD 2287184.5 to 2688976.5 (1549-12-31 to 2650-01-25)
  Ephemeris file: de440.bsp - Module: root
[2026-08-29 14:30:25] ERROR:    Error calculating Mars: calc_ut: Cannot calculate Mars (ID 4) for JD 2224729.856944 (1379-01-01): date is outside ephemeris range.
  Supported range: JD 2287184.5 to 2688976.5 (1549-12-31 to 2650-01-25)
  Ephemeris file: de440.bsp - Module: root
[2026-08-29 14:30:25] ERROR:    Error calculating Jupiter: calc_ut: Cannot calculate Jupiter (ID 5) for JD 2224729.856944 (1379-01-01): date is outside ephemeris range.
  Supported range: JD 2287184.5 to 2688976.5 (1549-12-31 to 2650-01-25)
  Ephemeris file: de440.bsp - Module: root
[2026-08-29 14:30:25] ERROR:    Error calculating Saturn: calc_ut: Cannot calculate Saturn (ID 6) for JD 2224729.856944 (1379-01-01): date is outside ephemeris range.
  Supported range: JD 2287184.5 to 2688976.5 (1549-12-31 to 2650-01-25)
  Ephemeris file: de440.bsp - Module: root
[2026-08-29 14:30:25] ERROR:    Error calculating Uranus: calc_ut: Cannot calculate Uranus (ID 7) for JD 2224729.856944 (1379-01-01): date is outside ephemeris range.
  Supported range: JD 2287184.5 to 2688976.5 (1549-12-31 to 2650-01-25)
  Ephemeris file: de440.bsp - Module: root
[2026-08-29 14:30:25] ERROR:    Error calculating Neptune: calc_ut: Cannot calculate Neptune (ID 8) for JD 2224729.856944 (1379-01-01): date is outside ephemeris range.
  Supported range: JD 2287184.5 to 2688976.5 (1549-12-31 to 2650-01-25)
  Ephemeris file: de440.bsp - Module: root
[2026-08-29 14:30:25] ERROR:    Error calculating Pluto: calc_ut: Cannot calculate Pluto (ID 9) for JD 2224729.856944 (1379-01-01): date is outside ephemeris range.
  Supported range: JD 2287184.5 to 2688976.5 (1549-12-31 to 2650-01-25)
  Ephemeris file: de440.bsp - Module: root
[2026-08-29 14:30:25] ERROR:    Error calculating True_North_Lunar_Node: Cannot calculate true Node (ID 11) for JD 2224729.856944 (1379-01-01): date is outside ephemeris range.
  Supported range: JD 2287184.5 to 2688976.5 (1549-12-31 to 2650-01-25)
  Ephemeris file: de440.bsp - Module: root
[2026-08-29 14:30:25] ERROR:    Error calculating Mean_Lilith: Julian day 2224729.862992409 is outside the active ephemeris range 2287184.5 to 2688976.5 - Module: root
[libephemeris] WARNING: Auto SPK coverage miss for body 15: JD 2224729.9 outside SPK coverage [2396713.5, 2506376.5] for body 15
[2026-08-29 14:30:25] ERROR:    Error calculating Chiron: Cannot calculate Chiron (ID 15) for JD 2224729.856944 (1379-01-01): date is outside ephemeris range.
  Supported range: JD 2287184.5 to 2688976.5 (1549-12-31 to 2650-01-25)
  Ephemeris file: de440.bsp - Module: root
[2026-08-29 14:30:25] DEBUG:    Calculating relevant aspects by filtering orbs... - Module: root
[2026-08-29 14:30:25] DEBUG:    Calculating relevant aspects by filtering orbs... - Module: root
[2026-08-29 14:30:25] WARNING:  Synastry relationship scoring failed ('NoneType' object is not subscriptable), retrying without it. - Module: app.utils.router_utils
[2026-08-29 14:30:25] DEBUG:    Calculating relevant aspects by filtering orbs... - Module: root
[2026-08-29 14:41:34] INFO:     POST /api/v5/chart-data/birth-chart | IP: 127.0.0.1 | Origin: http://127.0.0.1:8003 | Natal chart data request - Module: app.routers.data
[2026-08-29 14:41:34] DEBUG:    Request body: {"active_points":null,"active_aspects":null,"distribution_method":"weighted","custom_distribution_weights":null,"subject":{"year":1379,"month":1,"day":1,"hour":12,"minute":0,"second":0,"longitude":50.383301,"latitude":32.393878,"altitude":null,"city":"اصفهان","nation":"null","timezone":"Asia/Tehran","is_dst":null,"geonames_username":null,"name":"کاربر","zodiac_type":"Tropical","sidereal_mode":null,"perspective_type":"Apparent Geocentric","houses_system_identifier":"P","custom_ayanamsa_t0":null,"custom_ayanamsa_ayan_t0":null}} - Module: app.routers.data
[2026-08-29 14:41:34] WARNING:  Could not compute Sun altitude for sect classification: calc_ut: Cannot calculate Sun (ID 0) for JD 2224729.856944 (1379-01-01): date is outside ephemeris range.
  Supported range: JD 2287184.5 to 2688976.5 (1549-12-31 to 2650-01-25)
  Ephemeris file: de440.bsp. Defaulting to diurnal (day chart). - Module: root
[2026-08-29 14:41:34] ERROR:    Error calculating Sun: calc_ut: Cannot calculate Sun (ID 0) for JD 2224729.856944 (1379-01-01): date is outside ephemeris range.
  Supported range: JD 2287184.5 to 2688976.5 (1549-12-31 to 2650-01-25)
  Ephemeris file: de440.bsp - Module: root
[2026-08-29 14:41:34] ERROR:    Error calculating Moon: calc_ut: Cannot calculate Moon (ID 1) for JD 2224729.856944 (1379-01-01): date is outside ephemeris range.
  Supported range: JD 2287184.5 to 2688976.5 (1549-12-31 to 2650-01-25)
  Ephemeris file: de440.bsp - Module: root
[2026-08-29 14:41:34] ERROR:    Error calculating Mercury: calc_ut: Cannot calculate Mercury (ID 2) for JD 2224729.856944 (1379-01-01): date is outside ephemeris range.
  Supported range: JD 2287184.5 to 2688976.5 (1549-12-31 to 2650-01-25)
  Ephemeris file: de440.bsp - Module: root
[2026-08-29 14:41:34] ERROR:    Error calculating Venus: calc_ut: Cannot calculate Venus (ID 3) for JD 2224729.856944 (1379-01-01): date is outside ephemeris range.
  Supported range: JD 2287184.5 to 2688976.5 (1549-12-31 to 2650-01-25)
  Ephemeris file: de440.bsp - Module: root
[2026-08-29 14:41:34] ERROR:    Error calculating Mars: calc_ut: Cannot calculate Mars (ID 4) for JD 2224729.856944 (1379-01-01): date is outside ephemeris range.
  Supported range: JD 2287184.5 to 2688976.5 (1549-12-31 to 2650-01-25)
  Ephemeris file: de440.bsp - Module: root
[2026-08-29 14:41:34] ERROR:    Error calculating Jupiter: calc_ut: Cannot calculate Jupiter (ID 5) for JD 2224729.856944 (1379-01-01): date is outside ephemeris range.
  Supported range: JD 2287184.5 to 2688976.5 (1549-12-31 to 2650-01-25)
  Ephemeris file: de440.bsp - Module: root
[2026-08-29 14:41:34] ERROR:    Error calculating Saturn: calc_ut: Cannot calculate Saturn (ID 6) for JD 2224729.856944 (1379-01-01): date is outside ephemeris range.
  Supported range: JD 2287184.5 to 2688976.5 (1549-12-31 to 2650-01-25)
  Ephemeris file: de440.bsp - Module: root
[2026-08-29 14:41:34] ERROR:    Error calculating Uranus: calc_ut: Cannot calculate Uranus (ID 7) for JD 2224729.856944 (1379-01-01): date is outside ephemeris range.
  Supported range: JD 2287184.5 to 2688976.5 (1549-12-31 to 2650-01-25)
  Ephemeris file: de440.bsp - Module: root
[2026-08-29 14:41:34] ERROR:    Error calculating Neptune: calc_ut: Cannot calculate Neptune (ID 8) for JD 2224729.856944 (1379-01-01): date is outside ephemeris range.
  Supported range: JD 2287184.5 to 2688976.5 (1549-12-31 to 2650-01-25)
  Ephemeris file: de440.bsp - Module: root
[2026-08-29 14:41:34] ERROR:    Error calculating Pluto: calc_ut: Cannot calculate Pluto (ID 9) for JD 2224729.856944 (1379-01-01): date is outside ephemeris range.
  Supported range: JD 2287184.5 to 2688976.5 (1549-12-31 to 2650-01-25)
  Ephemeris file: de440.bsp - Module: root
[2026-08-29 14:41:34] ERROR:    Error calculating True_North_Lunar_Node: Cannot calculate true Node (ID 11) for JD 2224729.856944 (1379-01-01): date is outside ephemeris range.
  Supported range: JD 2287184.5 to 2688976.5 (1549-12-31 to 2650-01-25)
  Ephemeris file: de440.bsp - Module: root
[2026-08-29 14:41:34] ERROR:    Error calculating Mean_Lilith: Julian day 2224729.862992409 is outside the active ephemeris range 2287184.5 to 2688976.5 - Module: root
[libephemeris] WARNING: Auto SPK coverage miss for body 15: JD 2224729.9 outside SPK coverage [2396713.5, 2506376.5] for body 15
[2026-08-29 14:41:34] ERROR:    Error calculating Chiron: Cannot calculate Chiron (ID 15) for JD 2224729.856944 (1379-01-01): date is outside ephemeris range.
  Supported range: JD 2287184.5 to 2688976.5 (1549-12-31 to 2650-01-25)
  Ephemeris file: de440.bsp - Module: root
[2026-08-29 14:41:34] DEBUG:    Calculating relevant aspects by filtering orbs... - Module: root
[2026-08-29 14:41:34] INFO:     POST /api/v5/context/birth-chart | IP: 127.0.0.1 | Origin: http://127.0.0.1:8003 | درخواست context چارت تولد - Module: app.routers.context
[2026-08-29 14:41:34] DEBUG:    Request body: {"active_points":null,"active_aspects":null,"distribution_method":"weighted","custom_distribution_weights":null,"subject":{"year":1379,"month":1,"day":1,"hour":12,"minute":0,"second":0,"longitude":50.383301,"latitude":32.393878,"altitude":null,"city":"اصفهان","nation":"null","timezone":"Asia/Tehran","is_dst":null,"geonames_username":null,"name":"کاربر","zodiac_type":"Tropical","sidereal_mode":null,"perspective_type":"Apparent Geocentric","houses_system_identifier":"P","custom_ayanamsa_t0":null,"custom_ayanamsa_ayan_t0":null}} - Module: app.routers.context
[2026-08-29 14:41:34] WARNING:  Could not compute Sun altitude for sect classification: calc_ut: Cannot calculate Sun (ID 0) for JD 2224729.856944 (1379-01-01): date is outside ephemeris range.
  Supported range: JD 2287184.5 to 2688976.5 (1549-12-31 to 2650-01-25)
  Ephemeris file: de440.bsp. Defaulting to diurnal (day chart). - Module: root
[2026-08-29 14:41:34] ERROR:    Error calculating Sun: calc_ut: Cannot calculate Sun (ID 0) for JD 2224729.856944 (1379-01-01): date is outside ephemeris range.
  Supported range: JD 2287184.5 to 2688976.5 (1549-12-31 to 2650-01-25)
  Ephemeris file: de440.bsp - Module: root
[2026-08-29 14:41:34] ERROR:    Error calculating Moon: calc_ut: Cannot calculate Moon (ID 1) for JD 2224729.856944 (1379-01-01): date is outside ephemeris range.
  Supported range: JD 2287184.5 to 2688976.5 (1549-12-31 to 2650-01-25)
  Ephemeris file: de440.bsp - Module: root
[2026-08-29 14:41:34] ERROR:    Error calculating Mercury: calc_ut: Cannot calculate Mercury (ID 2) for JD 2224729.856944 (1379-01-01): date is outside ephemeris range.
  Supported range: JD 2287184.5 to 2688976.5 (1549-12-31 to 2650-01-25)
  Ephemeris file: de440.bsp - Module: root
[2026-08-29 14:41:34] ERROR:    Error calculating Venus: calc_ut: Cannot calculate Venus (ID 3) for JD 2224729.856944 (1379-01-01): date is outside ephemeris range.
  Supported range: JD 2287184.5 to 2688976.5 (1549-12-31 to 2650-01-25)
  Ephemeris file: de440.bsp - Module: root
[2026-08-29 14:41:34] ERROR:    Error calculating Mars: calc_ut: Cannot calculate Mars (ID 4) for JD 2224729.856944 (1379-01-01): date is outside ephemeris range.
  Supported range: JD 2287184.5 to 2688976.5 (1549-12-31 to 2650-01-25)
  Ephemeris file: de440.bsp - Module: root
[2026-08-29 14:41:34] ERROR:    Error calculating Jupiter: calc_ut: Cannot calculate Jupiter (ID 5) for JD 2224729.856944 (1379-01-01): date is outside ephemeris range.
  Supported range: JD 2287184.5 to 2688976.5 (1549-12-31 to 2650-01-25)
  Ephemeris file: de440.bsp - Module: root
[2026-08-29 14:41:34] ERROR:    Error calculating Saturn: calc_ut: Cannot calculate Saturn (ID 6) for JD 2224729.856944 (1379-01-01): date is outside ephemeris range.
  Supported range: JD 2287184.5 to 2688976.5 (1549-12-31 to 2650-01-25)
  Ephemeris file: de440.bsp - Module: root
[2026-08-29 14:41:34] ERROR:    Error calculating Uranus: calc_ut: Cannot calculate Uranus (ID 7) for JD 2224729.856944 (1379-01-01): date is outside ephemeris range.
  Supported range: JD 2287184.5 to 2688976.5 (1549-12-31 to 2650-01-25)
  Ephemeris file: de440.bsp - Module: root
[2026-08-29 14:41:34] ERROR:    Error calculating Neptune: calc_ut: Cannot calculate Neptune (ID 8) for JD 2224729.856944 (1379-01-01): date is outside ephemeris range.
  Supported range: JD 2287184.5 to 2688976.5 (1549-12-31 to 2650-01-25)
  Ephemeris file: de440.bsp - Module: root
[2026-08-29 14:41:34] ERROR:    Error calculating Pluto: calc_ut: Cannot calculate Pluto (ID 9) for JD 2224729.856944 (1379-01-01): date is outside ephemeris range.
  Supported range: JD 2287184.5 to 2688976.5 (1549-12-31 to 2650-01-25)
  Ephemeris file: de440.bsp - Module: root
[2026-08-29 14:41:34] ERROR:    Error calculating True_North_Lunar_Node: Cannot calculate true Node (ID 11) for JD 2224729.856944 (1379-01-01): date is outside ephemeris range.
  Supported range: JD 2287184.5 to 2688976.5 (1549-12-31 to 2650-01-25)
  Ephemeris file: de440.bsp - Module: root
[2026-08-29 14:41:34] ERROR:    Error calculating Mean_Lilith: Julian day 2224729.862992409 is outside the active ephemeris range 2287184.5 to 2688976.5 - Module: root
[libephemeris] WARNING: Auto SPK coverage miss for body 15: JD 2224729.9 outside SPK coverage [2396713.5, 2506376.5] for body 15
[2026-08-29 14:41:34] ERROR:    Error calculating Chiron: Cannot calculate Chiron (ID 15) for JD 2224729.856944 (1379-01-01): date is outside ephemeris range.
  Supported range: JD 2287184.5 to 2688976.5 (1549-12-31 to 2650-01-25)
  Ephemeris file: de440.bsp - Module: root
[2026-08-29 14:41:34] DEBUG:    Calculating relevant aspects by filtering orbs... - Module: root
[2026-08-29 14:41:34] WARNING:  Could not compute Sun altitude for sect classification: calc_ut: Cannot calculate Sun (ID 0) for JD 2224729.856944 (1379-01-01): date is outside ephemeris range.
  Supported range: JD 2287184.5 to 2688976.5 (1549-12-31 to 2650-01-25)
  Ephemeris file: de440.bsp. Defaulting to diurnal (day chart). - Module: root
[2026-08-29 14:41:34] ERROR:    Error calculating Sun: calc_ut: Cannot calculate Sun (ID 0) for JD 2224729.856944 (1379-01-01): date is outside ephemeris range.
  Supported range: JD 2287184.5 to 2688976.5 (1549-12-31 to 2650-01-25)
  Ephemeris file: de440.bsp - Module: root
[2026-08-29 14:41:34] ERROR:    Error calculating Moon: calc_ut: Cannot calculate Moon (ID 1) for JD 2224729.856944 (1379-01-01): date is outside ephemeris range.
  Supported range: JD 2287184.5 to 2688976.5 (1549-12-31 to 2650-01-25)
  Ephemeris file: de440.bsp - Module: root
[2026-08-29 14:41:34] ERROR:    Error calculating Mercury: calc_ut: Cannot calculate Mercury (ID 2) for JD 2224729.856944 (1379-01-01): date is outside ephemeris range.
  Supported range: JD 2287184.5 to 2688976.5 (1549-12-31 to 2650-01-25)
  Ephemeris file: de440.bsp - Module: root
[2026-08-29 14:41:34] ERROR:    Error calculating Venus: calc_ut: Cannot calculate Venus (ID 3) for JD 2224729.856944 (1379-01-01): date is outside ephemeris range.
  Supported range: JD 2287184.5 to 2688976.5 (1549-12-31 to 2650-01-25)
  Ephemeris file: de440.bsp - Module: root
[2026-08-29 14:41:34] ERROR:    Error calculating Mars: calc_ut: Cannot calculate Mars (ID 4) for JD 2224729.856944 (1379-01-01): date is outside ephemeris range.
  Supported range: JD 2287184.5 to 2688976.5 (1549-12-31 to 2650-01-25)
  Ephemeris file: de440.bsp - Module: root
[2026-08-29 14:41:34] ERROR:    Error calculating Jupiter: calc_ut: Cannot calculate Jupiter (ID 5) for JD 2224729.856944 (1379-01-01): date is outside ephemeris range.
  Supported range: JD 2287184.5 to 2688976.5 (1549-12-31 to 2650-01-25)
  Ephemeris file: de440.bsp - Module: root
[2026-08-29 14:41:34] ERROR:    Error calculating Saturn: calc_ut: Cannot calculate Saturn (ID 6) for JD 2224729.856944 (1379-01-01): date is outside ephemeris range.
  Supported range: JD 2287184.5 to 2688976.5 (1549-12-31 to 2650-01-25)
  Ephemeris file: de440.bsp - Module: root
[2026-08-29 14:41:34] ERROR:    Error calculating Uranus: calc_ut: Cannot calculate Uranus (ID 7) for JD 2224729.856944 (1379-01-01): date is outside ephemeris range.
  Supported range: JD 2287184.5 to 2688976.5 (1549-12-31 to 2650-01-25)
  Ephemeris file: de440.bsp - Module: root
[2026-08-29 14:41:34] ERROR:    Error calculating Neptune: calc_ut: Cannot calculate Neptune (ID 8) for JD 2224729.856944 (1379-01-01): date is outside ephemeris range.
  Supported range: JD 2287184.5 to 2688976.5 (1549-12-31 to 2650-01-25)
  Ephemeris file: de440.bsp - Module: root
[2026-08-29 14:41:34] ERROR:    Error calculating Pluto: calc_ut: Cannot calculate Pluto (ID 9) for JD 2224729.856944 (1379-01-01): date is outside ephemeris range.
  Supported range: JD 2287184.5 to 2688976.5 (1549-12-31 to 2650-01-25)
  Ephemeris file: de440.bsp - Module: root
[2026-08-29 14:41:34] ERROR:    Error calculating True_North_Lunar_Node: Cannot calculate true Node (ID 11) for JD 2224729.856944 (1379-01-01): date is outside ephemeris range.
  Supported range: JD 2287184.5 to 2688976.5 (1549-12-31 to 2650-01-25)
  Ephemeris file: de440.bsp - Module: root
[2026-08-29 14:41:34] ERROR:    Error calculating Mean_Lilith: Julian day 2224729.862992409 is outside the active ephemeris range 2287184.5 to 2688976.5 - Module: root
[libephemeris] WARNING: Auto SPK coverage miss for body 15: JD 2224729.9 outside SPK coverage [2396713.5, 2506376.5] for body 15
[2026-08-29 14:41:34] ERROR:    Error calculating Chiron: Cannot calculate Chiron (ID 15) for JD 2224729.856944 (1379-01-01): date is outside ephemeris range.
  Supported range: JD 2287184.5 to 2688976.5 (1549-12-31 to 2650-01-25)
  Ephemeris file: de440.bsp - Module: root
[2026-08-29 14:41:34] DEBUG:    Calculating relevant aspects by filtering orbs... - Module: root
[2026-08-29 14:41:34] DEBUG:    Planet index: 0, degree: 14.399254060901702 - Module: root
[2026-08-29 14:41:34] DEBUG:    Planet index: 3, degree: 98.83328181401032 - Module: root
[2026-08-29 14:41:34] DEBUG:    Planet index: 2, degree: 194.3992540609017 - Module: root
[2026-08-29 14:41:34] DEBUG:    Planet index: 1, degree: 278.8332818140103 - Module: root
[2026-08-29 14:41:34] DEBUG:    Asc, distance_to_prev: 95.56597224689136, distance_to_next: 84.43402775310862 - Module: root
[2026-08-29 14:41:34] DEBUG:    Ic, distance_to_prev: 84.43402775310862, distance_to_next: 95.56597224689139 - Module: root
[2026-08-29 14:41:34] DEBUG:    Dsc, distance_to_prev: 95.56597224689139, distance_to_next: 84.43402775310861 - Module: root
[2026-08-29 14:41:34] DEBUG:    Mc, distance_to_prev: 84.43402775310861, distance_to_next: 95.56597224689136 - Module: root
[2026-08-29 14:41:34] DEBUG:    Template dictionary includes 139 fields - Module: kerykeion.charts.chart_drawer
[2026-08-29 14:41:34] WARNING:  scour failed on SVG minification, falling back to string-based minification: could not convert string to float: 'var(--kerykeion-modern-zodiac-bg-opacity, 0.5)' - Module: root
